Gap Start (UK),Gap End (UK),Duration (min),Preceding SKU,Preceding Title,Preceding AuctionCode,Following SKU,Following Title,Following AuctionCode
2026-08-20 03:27:19,2026-08-20 03:28:22,1.1,8414795,William Hunt London Legacy Lab Grown Diamond (VVS E-F) 5ATM Water Resistancy Watch with Genuine Leather Strap  Swiss Movement- Pink,0019830613,8319741,"GET IT FOR XMAS WILLIAM HUNT Automatic Movement 5 ATM Water Resistant Watch With Skeleton Display, Exhibition Back & Grey Leather Strap Presented in a Gift Box",0019830617
2026-08-20 03:17:21,2026-08-20 03:18:22,1.0,8309882,"Limited Edition William Hunt London Dragon Watch with Automatic Movt. 5 ATM Water Resistancy, Blue Sapphire Crystal Dial and Adjustable Milanese Strap",0019830615,8051230,GENOA TIME Limited Edition Automatic Movt. 3ATM Water Resistant Watch With Skeleton Dial & Exhibition Back with Brown Leather Strap Presented in a Gift Box,0019830622
2026-08-20 03:09:20,2026-08-20 03:10:42,1.4,8309885,"Limited Edition William Hunt London Dragon Watch with Automatic Movt. 5 ATM Water Resistancy, Blue Sapphire Crystal Dial and Adjustable Milanese Strap",0019830599,8309882,"Limited Edition William Hunt London Dragon Watch with Automatic Movt. 5 ATM Water Resistancy, Blue Sapphire Crystal Dial and Adjustable Milanese Strap",0019830615
2026-08-20 02:52:23,2026-08-20 02:53:19,0.9,8416466,Decorative Solar-Powered Landscape Ground Stake Lamp with - Artistic Whimsical Butterflyes - Purple,0019830270,7552750,Christmas Ornament (Size 1x1x1 cm) - Grey,0019830476
2026-08-20 02:08:23,2026-08-20 02:09:20,1.0,8731652,"3 Piece Set - Ceramic Bathroom Accessories (Included Liquid Soap Dispenser, Soap Tray & Tumbler) - Teal Green and White",0019830474,8377601,"Set of 3 Floral & Crystal Enamelled Faberge-Style Egg Trinket Box (Blue, Red & White) (12x7cm)",0019830274
2026-08-20 02:04:21,2026-08-20 02:06:22,2.0,8552959,Italian Made Sterling Silver Flat Figaro Necklace (Size - 18) with Lobster Clasp,0019831802,8171770,Set of 12 Zodiac Sign Scented Gemstone Candles - Each candle offers approx 10 hours of burn time,0019830473
2026-08-20 01:47:21,2026-08-20 01:48:21,1.0,8613563,Sterling Silver Double-Curb Bracelet (Size - 7.5) with Lobster Clasp 8.65 Grams,0019831805,8055301,"La Bella - Fine Italian Jewellery - Handmade Sterling Silver Bracelet (Size 8) with Lobster Clasp, Silver Wt. 12.60 Gms.",0019831790
2026-08-20 01:41:17,2026-08-20 01:42:25,1.1,8552918,Italian Made - Sterling Silver Curb Chain (Size - 18) with Lobster Clasp,0019831791,8613563,Sterling Silver Double-Curb Bracelet (Size - 7.5) with Lobster Clasp 8.65 Grams,0019831805
2026-08-20 01:30:55,2026-08-20 01:31:20,0.4,7760481,"La Bella Fine Italian Jewellery - Sterling Silver Popcorn Necklace (Size - 20) with Lobster Clasp, Silver Wt. 21.70 Gms",0019831789,8552918,Italian Made - Sterling Silver Curb Chain (Size - 18) with Lobster Clasp,0019831791
2026-08-20 01:07:18,2026-08-20 01:08:23,1.1,7901127,La Bella Fine Italian Jewellery - Handmade Sterling Silver Rope Figaro Necklace With Lobster Clasp (Size - 22) Silver Wt. 71.35 Gms.,0019831784,8415133,"Italian Made- Sterling Silver Diamond Cut Rope Necklace (Size - 24) with Lobster Clasp, Silver Wt. 65.04 Gms",0019831785
2026-08-20 00:42:23,2026-08-20 00:43:19,0.9,8550689,Lab Grown Emerald and Lab Grown Diamond (SI-G-H) Tennis Bracelet (Size - 7.5) in Rhodium Overlay Sterling Silver 13.62 Ct,0019831598,8583979,Luxuriant - Lab Grown Emerald & Lab Grown Diamond (SI-G-H) Halo Ring in 18K Vermeil Yellow Gold Plated Sterling Silver 1.63 Ct.,0019831704
2026-08-20 00:34:22,2026-08-20 00:36:23,2.0,8571438,"Vicenza Find - Italian Made 9K Yellow Gold Serafina Necklace (Size - 20), Gold Wt.8.82 Gms",0019831811,8550689,Lab Grown Emerald and Lab Grown Diamond (SI-G-H) Tennis Bracelet (Size - 7.5) in Rhodium Overlay Sterling Silver 13.62 Ct,0019831598
2026-08-20 00:04:21,2026-08-20 00:06:22,2.0,8579249,"Livmore Cordless UV Sterilisation Vacuum Cleaner With HEPA Filter - Strong Suction, 50W High-Powe...",0019831975,8571438,"Vicenza Find - Italian Made 9K Yellow Gold Serafina Necklace (Size - 20), Gold Wt.8.82 Gms",0019831811
2026-08-19 23:38:23,2026-08-19 23:39:21,1.0,8510435,"Maestro Collection - 9K Yellow Gold Necklace (Size - 20) with Ocean Wavelink, Gold Wt. 8.50 Gms",0019830880,8416655,"9K Yellow Gold Flat Curb Necklace (Size - 22) with Lobster Clasp, Gold Wt. 10.6 Gms.",0019830890
2026-08-19 23:03:20,2026-08-19 23:04:38,1.3,8579249,"Livmore Cordless UV Sterilisation Vacuum Cleaner With HEPA Filter - Strong Suction, 50W High-Powe...",0019831975,8510534,Royal Bali Collection - 9K Yellow Gold Floral Band Spinner Ring,0019831949
2026-08-19 22:42:24,2026-08-19 22:44:21,1.9,8613734,Close Out Deal- 9K Yellow Gold Dolphin Creole Earring with Clasp,0019830683,8055952,9K Yellow Gold Spiga Necklace,0019830664
2026-08-19 22:36:26,2026-08-19 22:37:20,0.9,8297048,"999 Platinum (99.9 % Purity) Pixiu Pendant, Platinum Wt.1.50 Gms.",0019830668,8613734,Close Out Deal- 9K Yellow Gold Dolphin Creole Earring with Clasp,0019830683
2026-08-19 22:02:39,2026-08-19 22:03:19,0.7,8579249,"Livmore Cordless UV Sterilisation Vacuum Cleaner With HEPA Filter - Strong Suction, 50W High-Power Motor- Ideal for beds, sofas, pillows, and upholstery- Grey",0019831975,7766866,9K Gold Prince Of Wales Necklace - 18 inch,0019830657
2026-08-19 21:44:24,2026-08-19 21:49:20,4.9,7140965,VLL : Polyester : Kaftan : Black,0019829591,8579249,"Livmore Cordless UV Sterilisation Vacuum Cleaner With HEPA Filter - Strong Suction, 50W High-Power Motor- Ideal for beds, sofas, pillows, and upholstery- Grey",0019831975
2026-08-19 13:38:22,2026-08-19 13:39:20,1.0,8481514,"La Marey Smocked Waist Tiered Maxi Skirt (One Size, 10-22) - Red",0019827867,7140965,VLL : Polyester : Kaftan : Black,0019829591
2026-08-19 13:06:23,2026-08-19 13:07:20,1.0,8445217,Designer Inspired - Convertible Clutch & Baguette Shoulder Bag with Chain Strap - Pine Green,0019829586,8305903,Set of 2 Douvalls Argan Brow Tinted Growth Serum - Soft Brown & Dark Brown,0019828996
2026-08-19 12:52:23,2026-08-19 12:53:19,0.9,8017998,Emma Ladies LUISA Ankle Boots,0019829239,8520643,Emma Diamante Trim Ladies Wedge Sandals (Size 8) - Blue,0019829152
2026-08-19 12:46:22,2026-08-19 12:47:20,1.0,8321859,Shoes by Emma Ladies Shoe,0019829242,7930470,Ladies MONTREAL Lace-up Military Style Boots,0019829240
2026-08-19 12:17:20,2026-08-19 12:18:26,1.1,8575475,MEGA BAG CLEARANCE OFFER- 100% Genuine Leather Holdall Travel Duffel Bag - Navy,0019830251,8305903,Set of 2 Douvalls Argan Brow Tinted Growth Serum - Soft Brown & Dark Brown,0019828996
2026-08-19 12:04:24,2026-08-19 12:05:29,1.1,8262535,LOWEST EVER CLEARANCE PRICE- Opatra Synergy Marble Neck Device With Lifetime Warranty,0019829052,8575475,MEGA BAG CLEARANCE OFFER- 100% Genuine Leather Holdall Travel Duffel Bag - Navy,0019830251
2026-08-19 11:05:29,2026-08-19 11:09:20,3.9,8305903,Set of 2 Douvalls Argan Brow Tinted Growth Serum - Soft Brown & Dark Brown,0019828996,8305903,Set of 2 Douvalls Argan Brow Tinted Growth Serum - Soft Brown & Dark Brown,0019828996
2026-08-19 10:50:38,2026-08-19 10:52:23,1.7,221330683,"MEGA CLEARANCE DEAL- Set of 3 V.V LOVE I'M The One, Chandelier Rouge & La Bella Viva 2 Piece Gift Set",0019830353,8305903,Set of 2 Douvalls Argan Brow Tinted Growth Serum - Soft Brown & Dark Brown,0019828996
2026-08-19 10:39:21,2026-08-19 10:42:24,3.1,221328566,Bundle Deal - Set of 6-  Max Factor Priyanka Lip Crayon,0019829047,221330683,"MEGA CLEARANCE DEAL- Set of 3 V.V LOVE I'M The One, Chandelier Rouge & La Bella Viva 2 Piece Gift Set",0019830353
2026-08-19 10:36:23,2026-08-19 10:37:18,0.9,8021986,Pack of 2 – Ginkgo Leaf Gua Sha Face & Neck Massage Tool,0019828981,221328566,Bundle Deal - Set of 6-  Max Factor Priyanka Lip Crayon,0019829047
2026-08-19 10:14:22,2026-08-19 10:19:15,4.9,7978845,OPV Beauty Deep Setting Powder,0019828962,7982410,"Di Palomo - Orange Blossom - Luxury Bathing Collection (Includes Bath Honey 300ml, 100g Soap, Bathing Bubbles 300ml and 2 x Bath Bombs)",0019828966
2026-08-19 10:08:33,2026-08-19 10:09:19,0.8,6305379,Doctors Formula: Power Active Caffeine Serum - 30ml,0019828960,8204124,BODY SOFT SCRUBBER,0019828954
2026-08-19 09:27:19,2026-08-19 09:28:27,1.1,8247824,La Marey Signature Wrap Coat (Size XL) - Camel,0019828146,8247827,La Marey Signature Wrap Coat (Size XL) - Camel,0019828149
2026-08-19 09:25:30,2026-08-19 09:26:23,0.9,8247816,La Marey Signature Wrap Coat (Size XL) - Camel,0019828142,8247824,La Marey Signature Wrap Coat (Size XL) - Camel,0019828146
2026-08-19 09:23:19,2026-08-19 09:24:22,1.0,8247806,La Marey Signature Military Tailored Midi Coat,0019828137,8247816,La Marey Signature Wrap Coat (Size XL) - Camel,0019828142
2026-08-19 09:19:23,2026-08-19 09:20:41,1.3,8242186,La Marey Leopard Blouse,0019828124,8242199,La Marey Leopard Blouse,0019828127
2026-08-19 09:17:19,2026-08-19 09:18:24,1.1,8240270,La Marey Leaf Pattern Frill Jersey Blouse,0019828121,8242186,La Marey Leopard Blouse,0019828124
2026-08-19 09:15:39,2026-08-19 09:16:24,0.8,8240240,La Marey Leaf Pattern Frill Jersey Blouse,0019828118,8240270,La Marey Leaf Pattern Frill Jersey Blouse,0019828121
2026-08-19 09:01:21,2026-08-19 09:02:22,1.0,8233469,La Marey Signature Cashmere Blend Thermal Top & Legging Set,0019828104,8477125,"La Marey Lightweight Crew Neck Jumper (Size S, 8-10) - Sky Blue",0019829565
2026-08-19 08:59:18,2026-08-19 08:59:54,0.6,8231937,La Marey Patterned Shawl,0019828099,8233469,La Marey Signature Cashmere Blend Thermal Top & Legging Set,0019828104
2026-08-19 08:57:21,2026-08-19 08:58:21,1.0,8231407,La Marey Solid Jean and Pant/Trouser,0019828095,8231937,La Marey Patterned Shawl,0019828099
2026-08-19 08:52:22,2026-08-19 08:53:19,1.0,8228028,LA Marey Knit Hoodie,0019828085,8231403,La Marey Solid Jean and Pant/Trouser,0019828092
2026-08-19 08:47:20,2026-08-19 08:49:18,2.0,8224280,La Marey Leopard Blouse,0019828075,8225737,La Marey Sequined Jumper,0019828083
2026-08-19 08:35:28,2026-08-19 08:36:22,0.9,8107681,Basic Roll Neck Jumper,0019828013,8123035,Pure & Natural Drop Shoulder Top With Cowl Neck (Size 16-18) - Beige,0019828026
2026-08-19 08:25:31,2026-08-19 08:26:23,0.9,8097620,Emreco Knitted Top,0019827975,8097626,Emreco Knitted Top,0019827979
2026-08-19 08:14:20,2026-08-19 08:15:35,1.2,7993500,Men's Waffle Tshirt with Check Flannel Lounge Pants,0019827945,7993496,Men's Waffle Tshirt with Check Flannel Lounge Pants,0019827942
2026-08-19 08:12:22,2026-08-19 08:13:18,0.9,7993472,Men's Waffle Tshirt with Check Flannel Lounge Pants,0019827937,7993500,Men's Waffle Tshirt with Check Flannel Lounge Pants,0019827945
2026-08-19 07:20:38,2026-08-19 07:21:20,0.7,6017276,Cetuem- Illuminating Skin Cleanser & Toner - 100ml Each,0019829033,2984483,Cetuem- Creme De Lite Moisturiser - 50ml,0019829030
2026-08-19 06:32:22,2026-08-19 06:35:29,3.1,8098860,"Douvalls Room Fragrance Gift Set (Includes Lemon & Basil Shower Spray 50ml, Vanilla, Coconut & Black Pepper Room Spray 50ml, Mandarin & Lemon Toilet Spray 50ml)",0019828886,8366825,"Luxuriant 950 Platinum IGI Certified Lab Grown Diamond (VS-EF) Heart Ring 3.51 Ct, Platinum Wt. 5...",0019827889
2026-08-19 06:07:20,2026-08-19 06:08:23,1.1,8514122,"Royal Bali Collection- Kechak Dance Inspired - D'Joy Hessonite Garnet Ethnic Motif Ring in Sterling Silver, 1.50 Ct",0019827801,7676726,Douvalls Argan Color Stick Balm -Enchanted Spice - Nude-Brown,0019828887
2026-08-19 05:53:20,2026-08-19 05:54:23,1.1,8512166,Royal Bali Collection - D'Joy Tulang Naga Sterling Silver Necklace (Size - 24) with Lobster Clasp,0019830198,8514122,"Royal Bali Collection- Kechak Dance Inspired - D'Joy Hessonite Garnet Ethnic Motif Ring in Sterling Silver, 1.50 Ct",0019827801
2026-08-19 05:32:25,2026-08-19 05:33:22,0.9,8599329,Royal Bali Collection - D'Joy Sterling Silver Tulangnaga Necklace (Size - 30) with Lobster Clasp,0019827795,8512166,Royal Bali Collection - D'Joy Tulang Naga Sterling Silver Necklace (Size - 24) with Lobster Clasp,0019830198
2026-08-19 05:26:22,2026-08-19 05:27:21,1.0,8366825,"Luxuriant 950 Platinum IGI Certified Lab Grown Diamond (VS-EF) Heart Ring 3.51 Ct, Platinum Wt. 5...",0019827889,8599329,Royal Bali Collection - D'Joy Sterling Silver Tulangnaga Necklace (Size - 30) with Lobster Clasp,0019827795
2026-08-19 05:20:37,2026-08-19 05:21:17,0.7,8514092,Royal Bali Collection - D'Joy Labradorite Dragon Ring in Yellow Gold Plated Sterling Silver 13.36 Ct,0019827823,7750660,"Royal Bali Handmade Hammered Sterling Silver Cuff Bangle (Size-7.5), Silver Wt. 31.58 Gms",0019827814
2026-08-19 05:11:20,2026-08-19 05:12:23,1.1,8366825,"Luxuriant 950 Platinum IGI Certified Lab Grown Diamond (VS-EF) Heart Ring 3.51 Ct, Platinum Wt. 5...",0019827889,8513251,Royal Bali Collection - D'Joy Mother Of Pearl Sterling Silver Pendant 14.00 Ct.,0019827812
2026-08-19 05:05:33,2026-08-19 05:06:24,0.8,8480117,"Retro Bauhaus Style Nordic Dome Mushroom Table Lamp With Rocker Switch, 50CM x 14CM,, 1.5M Cord Length - Green",0019830238,8522232,Royal Bali Collection - Sterling Silver Butterfly Pendant,0019827794
2026-08-19 04:54:23,2026-08-19 04:56:21,2.0,8513249,"Royal Bali Collection - D'Joy Ox Bone & Natural Chrome Diopside Sterling Silver Pendant 2.05 Ct, Silver Wt. 12.50 Gms",0019827821,8480117,"Retro Bauhaus Style Nordic Dome Mushroom Table Lamp With Rocker Switch, 50CM x 14CM,, 1.5M Cord Length - Green",0019830238
2026-08-19 04:45:43,2026-08-19 04:46:27,0.7,4413700,Royal Bali Collection - AAA Golden South Sea Pearl ( 8-9MM) & White Zircon Pendant with Chain (Size 20) in 18K Vermeil Yellow Gold Plated Sterling Silver,0019827815,8513249,"Royal Bali Collection - D'Joy Ox Bone & Natural Chrome Diopside Sterling Silver Pendant 2.05 Ct, Silver Wt. 12.50 Gms",0019827821
2026-08-19 04:42:24,2026-08-19 04:43:18,0.9,8513257,Royal Bali Collection - D'Joy Abalone Shell Sterling Silver Pendant 2.00 Ct.,0019827793,4413700,Royal Bali Collection - AAA Golden South Sea Pearl ( 8-9MM) & White Zircon Pendant with Chain (Size 20) in 18K Vermeil Yellow Gold Plated Sterling Silver,0019827815
2026-08-19 04:20:39,2026-08-19 04:23:21,2.7,8366825,"Luxuriant 950 Platinum IGI Certified Lab Grown Diamond (VS-EF) Heart Ring 3.51 Ct, Platinum Wt. 5...",0019827889,8484497,D'Joy 22K Vermeil Yellow Gold Plated Sterling Silver Byzantine Bracelet (Size - 8) with Clasp,0019827818
2026-08-19 04:16:22,2026-08-19 04:17:19,0.9,8511821,Royal Bali Collection - Ox Bone Carving Cut Goddess Pendant in Sterling Silver 37.85 Ct.,0019827840,8366825,"Luxuriant 950 Platinum IGI Certified Lab Grown Diamond (VS-EF) Heart Ring 3.51 Ct, Platinum Wt. 5...",0019827889
2026-08-19 03:53:20,2026-08-19 03:54:23,1.1,8366825,"Luxuriant 950 Platinum IGI Certified Lab Grown Diamond (VS-EF) Heart Ring 3.51 Ct, Platinum Wt. 5...",0019827889,8511821,Royal Bali Collection - Ox Bone Carving Cut Goddess Pendant in Sterling Silver 37.85 Ct.,0019827840
2026-08-19 03:50:39,2026-08-19 03:51:18,0.6,8480117,"Retro Bauhaus Style Nordic Dome Mushroom Table Lamp With Rocker Switch, 50CM x 14CM,, 1.5M Cord L...",0019830166,8366825,"Luxuriant 950 Platinum IGI Certified Lab Grown Diamond (VS-EF) Heart Ring 3.51 Ct, Platinum Wt. 5...",0019827889
2026-08-19 03:42:23,2026-08-19 03:43:17,0.9,4482259,D'Joy - Ammolite & Natural White Diamond Pendant with Chain (Size 20) in 18K Vermeil Yellow Gold Plated Sterling Silver 2.56 Ct.,0019827746,8576847,D'Joy - Ammolite & Natural White Diamond Ring in 18K Vermeil Yellow Gold Plated Sterling Silver 2.60 Ct.,0019827780
2026-08-19 03:36:22,2026-08-19 03:37:18,0.9,8577559,Luxuriant - Ammolite & Lab Grown Diamond (SI-G-H) Halo Ring in 18K Vermeil Yellow Gold Plated Sterling Silver 2.60 Ct.,0019827751,4482259,D'Joy - Ammolite & Natural White Diamond Pendant with Chain (Size 20) in 18K Vermeil Yellow Gold Plated Sterling Silver 2.56 Ct.,0019827746
2026-08-19 03:19:20,2026-08-19 03:20:37,1.3,8480117,"Retro Bauhaus Style Nordic Dome Mushroom Table Lamp With Rocker Switch, 50CM x 14CM,, 1.5M Cord L...",0019830166,8480117,"Retro Bauhaus Style Nordic Dome Mushroom Table Lamp With Rocker Switch, 50CM x 14CM,, 1.5M Cord L...",0019830166
2026-08-19 03:14:24,2026-08-19 03:15:37,1.2,8567873,D'Joy - Ammolite & Moissanite Dangling Earring with Push Post in Rhodium Overlay Sterling Silver 1.80 Ct.,0019827760,4475661,D'Joy - Ammolite Solitaire Pendant with Chain (Size 20) in Rhodium Overlay Sterling Silver,0019827750
2026-08-19 02:14:23,2026-08-19 02:15:34,1.2,8480117,"Retro Bauhaus Style Nordic Dome Mushroom Table Lamp With Rocker Switch, 50CM x 14CM,, 1.5M Cord L...",0019830166,4482257,Luxuriant - Ammolite & Lab Grown Diamond (SI-G-H) Pendant with Chain (Size 20) in 18K Vermeil Yellow Gold Plated Sterling Silver 1.20 Ct.,0019827732
2026-08-19 02:08:22,2026-08-19 02:12:22,4.0,8480117,"Retro Bauhaus Style Nordic Dome Mushroom Table Lamp With Rocker Switch, 50CM x 14CM,, 1.5M Cord L...",0019830166,8366825,"Luxuriant 950 Platinum IGI Certified Lab Grown Diamond (VS-EF) Heart Ring 3.51 Ct, Platinum Wt. 5...",0019827889
2026-08-19 01:05:29,2026-08-19 01:06:23,0.9,8313800,Luxuriant - Lab Grown Diamond (SI-GH) Tennis Bracelet (Size 7.50) in 18K Vermeil Yellow Gold Plated Sterling Silver 2.00 Ct.,0019827902,8366825,"Luxuriant 950 Platinum IGI Certified Lab Grown Diamond (VS-EF) Heart Ring 3.51 Ct, Platinum Wt. 5...",0019827889
2026-08-19 00:32:22,2026-08-19 00:39:23,7.0,8428115,Premium Pink Moissanite Halo Heart Ring in Rhodium Overlay Sterling Silver 2.40 Ct.,0019829316,8412009,"Luxuriant - 950 Platinum SGL Certified VS-EF Lab Grown Diamond Oval Cut Halo Pendant 4.55 Ct, Platinum Wt. 4.77 Gms",0019827888
2026-08-18 23:48:22,2026-08-18 23:49:19,1.0,8477146,D'Joy - Moissanite Multi-Row Solitaire Ring in Yellow Gold Plated Sterling Silver 1.50 Ct.,0019830217,8374652,D'Joy Moissanite Fancy Bracelet (Size - 6.5) in Rhodium OverlaySterling Silver 2.680 Ct.,0019829559
2026-08-18 23:35:30,2026-08-18 23:36:24,0.9,8556214,D'Joy - Moissanite Solitaire Ring in Rhodium Overlay Sterling Silver 2.80 Ct.,0019830208,8477146,D'Joy - Moissanite Multi-Row Solitaire Ring in Yellow Gold Plated Sterling Silver 1.50 Ct.,0019830217
2026-08-18 23:31:20,2026-08-18 23:32:22,1.0,7194723,9K Gold 1.98 Ct Moissanite Cluster Boat Ring,0019829403,8556214,D'Joy - Moissanite Solitaire Ring in Rhodium Overlay Sterling Silver 2.80 Ct.,0019830208
2026-08-18 23:21:19,2026-08-18 23:23:19,2.0,8611132,9K Yellow Gold GRA Certified (D-VVS1) Moissanite Pear Cut Solitaire Pendant 10.00 Ct.,0019829439,7194723,9K Gold 1.98 Ct Moissanite Cluster Boat Ring,0019829403
2026-08-18 22:50:39,2026-08-18 22:51:21,0.7,8503059,D'Joy GRA Certified Moissanite D-VVS1 Drop Earring with Push Back in Rhodium Overlay Sterling Silver 1.30 Ct.,0019827526,8613233,D'Joy - GRA Certified  (D-VVS1)  Moissanite Graduated Necklace (Size - 18) in Yellow Gold Plated Sterling Silver 3.33 Ct.,0019827603
2026-08-18 22:14:25,2026-08-18 22:15:36,1.2,8493540,D'Joy - GRA Certified (D-VVS1) Moissanite Solitaire Stud Push Post Earring in Rhodium Overlay Sterling Silver 1.02 Ct.,0019827523,8503047,D'Joy - GRA Certified (D-VVS1) Moissanite Ring in Rhodium Overlay Sterling Silver 2.37 Ct.,0019827533
2026-08-18 22:10:39,2026-08-18 22:11:20,0.7,8486811,D'Joy - GRA Certified Moissanite D-VVS1 Pear Cut Solitaire Earring with Push Back in Rhodium Overlay Sterling Silver,0019827522,8493540,D'Joy - GRA Certified (D-VVS1) Moissanite Solitaire Stud Push Post Earring in Rhodium Overlay Sterling Silver 1.02 Ct.,0019827523
2026-08-18 22:04:24,2026-08-18 22:06:21,2.0,8480117,"Retro Bauhaus Style Nordic Dome Mushroom Table Lamp With Rocker Switch, 50CM x 14CM,, 1.5M Cord Length - Green",0019830205,4466351,GRA Certified (D-VVS1) Moissanite Solitaire Pendant with Chain (Size 18) in Rhodium Overlay Sterling Silver 2.92 Ct.,0019827532
2026-08-18 21:53:21,2026-08-18 21:54:24,1.1,8312833,"Livmore 10-Pack Hanging Dehumidifier Bags - 220g Moisture Absorbers for Wardrobes and Cupboards, Fragrance-Free Calcium Chloride Wardrobe Drier - Blue & White",0019830195,8480117,"Retro Bauhaus Style Nordic Dome Mushroom Table Lamp With Rocker Switch, 50CM x 14CM,, 1.5M Cord Length - Green",0019830205
2026-08-18 21:46:25,2026-08-18 21:48:22,2.0,8624713,"Cordless Pressure Washer with 2 x 21v Batteries, Accessories for Car, Patio and Garden Cleaning. 362psi Water Pressure - with 1 Year Warranty",0019830008,8312833,"Livmore 10-Pack Hanging Dehumidifier Bags - 220g Moisture Absorbers for Wardrobes and Cupboards, Fragrance-Free Calcium Chloride Wardrobe Drier - Blue & White",0019830195
2026-08-18 21:33:18,2026-08-18 21:34:25,1.1,8480117,"Retro Bauhaus Style Nordic Dome Mushroom Table Lamp With Rocker Switch, 50CM x 14CM,, 1.5M Cord L...",0019830166,8624713,"Cordless Pressure Washer with 2 x 21v Batteries, Accessories for Car, Patio and Garden Cleaning. 362psi Water Pressure - with 1 Year Warranty",0019830008
2026-08-18 21:31:19,2026-08-18 21:32:22,1.0,8480117,"Retro Bauhaus Style Nordic Dome Mushroom Table Lamp With Rocker Switch, 50CM x 14CM,, 1.5M Cord L...",0019830166,8480117,"Retro Bauhaus Style Nordic Dome Mushroom Table Lamp With Rocker Switch, 50CM x 14CM,, 1.5M Cord L...",0019830166
2026-08-18 20:44:22,2026-08-18 20:46:22,2.0,8480117,"Retro Bauhaus Style Nordic Dome Mushroom Table Lamp With Rocker Switch, 50CM x 14CM,, 1.5M Cord L...",0019830166,8480117,"Retro Bauhaus Style Nordic Dome Mushroom Table Lamp With Rocker Switch, 50CM x 14CM,, 1.5M Cord L...",0019830166
2026-08-18 20:42:24,2026-08-18 20:43:18,0.9,8480117,"Retro Bauhaus Style Nordic Dome Mushroom Table Lamp With Rocker Switch, 50CM x 14CM,, 1.5M Cord Length - Green",0019830166,8480117,"Retro Bauhaus Style Nordic Dome Mushroom Table Lamp With Rocker Switch, 50CM x 14CM,, 1.5M Cord L...",0019830166
2026-08-18 20:12:23,2026-08-18 20:14:25,2.0,8624713,"Cordless Pressure Washer with 2 x 21v Batteries, Accessories for Car, Patio and Garden Cleaning. ...",0019827402,8480117,"Retro Bauhaus Style Nordic Dome Mushroom Table Lamp With Rocker Switch, 30CM x 14CM,, 1.5M Cord Length - Green",0019830166
2026-08-18 20:10:40,2026-08-18 20:11:19,0.6,8624713,"Cordless Pressure Washer with 2 x 21v Batteries, Accessories for Car, Patio and Garden Cleaning. ...",0019827402,8624713,"Cordless Pressure Washer with 2 x 21v Batteries, Accessories for Car, Patio and Garden Cleaning. ...",0019827402
2026-08-18 20:04:24,2026-08-18 20:09:19,4.9,8575475,MEGA BAG CLEARANCE OFFER- 100% Genuine Leather Holdall Travel Duffel Bag - Navy,0019830170,8624713,"Cordless Pressure Washer with 2 x 21v Batteries, Accessories for Car, Patio and Garden Cleaning. ...",0019827402
2026-08-18 19:37:20,2026-08-18 19:38:22,1.0,8305877,LOWEST EVER PRICE - RWND25 Instant Wrinkle Reducer,0019826190,8624713,"Cordless Pressure Washer with 2 x 21v Batteries, Accessories for Car, Patio and Garden Cleaning. ...",0019827402
2026-08-18 19:15:39,2026-08-18 19:21:20,5.7,8207784,"Beautech Facial Lifting Device - Microcurrent, Vibration, Thermal & Light Therapy",0019830010,8624713,"Cordless Pressure Washer with 2 x 21v Batteries, Accessories for Car, Patio and Garden Cleaning. ...",0019827402
2026-08-18 19:03:25,2026-08-18 19:05:30,2.1,8429767,Massager,0019826361,8207784,"Beautech Facial Lifting Device - Microcurrent, Vibration, Thermal & Light Therapy",0019830010
2026-08-18 18:49:19,2026-08-18 18:50:39,1.3,8158702,PAYOT - Lisse Smoothing Cares Ritual Set,0019826386,8019222,"BEAUTECH - Double Head Hair Remover - 6-Level Waterproof, High-Speed & Type-C Rechargeable",0019830012
2026-08-18 18:41:18,2026-08-18 18:44:26,3.1,7775614,"THE MEGA CLEARANCE DEAL - Soulsmart 360 Degree Electric Head Massager - To promote blood circulation, improve scalp health, help hair growth & aid relaxation",0019826388,8158702,PAYOT - Lisse Smoothing Cares Ritual Set,0019826386
2026-08-18 18:26:21,2026-08-18 18:27:20,1.0,8276811,Blushly Vibrating Silicone Cleansing Tool with Heat Treatment,0019830014,8624713,"Cordless Pressure Washer with 2 x 21v Batteries, Accessories for Car, Patio and Garden Cleaning. ...",0019827402
2026-08-18 18:08:23,2026-08-18 18:12:23,4.0,8624713,"Cordless Pressure Washer with 2 x 21v Batteries, Accessories for Car, Patio and Garden Cleaning. ...",0019827402,8276811,Blushly Vibrating Silicone Cleansing Tool with Heat Treatment,0019830014
2026-08-18 18:04:22,2026-08-18 18:07:19,3.0,8624713,"Cordless Pressure Washer with 2 x 21v Batteries, Accessories for Car, Patio and Garden Cleaning. ...",0019827402,8624713,"Cordless Pressure Washer with 2 x 21v Batteries, Accessories for Car, Patio and Garden Cleaning. ...",0019827402
2026-08-18 18:02:24,2026-08-18 18:03:20,0.9,8487266,La Marey Textured Midi Cardigan with Belt (Size 12 to 14) - Green & Blue,0019827302,8624713,"Cordless Pressure Washer with 2 x 21v Batteries, Accessories for Car, Patio and Garden Cleaning. ...",0019827402
2026-08-18 17:50:39,2026-08-18 17:51:18,0.7,8545312,"BACK IN STOCK - Doctors Formula - Collagen Booster Drink 15,000mg (Apple flavour)",0019829599,8487252,La Marey Rich Longline Cardigan with Belt (Size - 10-12) - Chocolate,0019827299
2026-08-18 17:15:37,2026-08-18 17:16:22,0.8,8520769,JJ Willis Short Sleeve Shirt (Size - M) - Sage,0019827395,8520773,JJ Willis Short Sleeve Shirt (Size - M) - Sage,0019827399
2026-08-18 17:10:39,2026-08-18 17:11:18,0.7,8487218,Pure and Natural V-Neck Light Knit Top (One Size - Upto 18) - Multi Colour,0019827295,8421882,Mudflower Butterfly Print Tunic Jumper (Size 8 to 10) - Hot Pink,0019827249
2026-08-18 17:07:20,2026-08-18 17:08:22,1.0,8360202,La Marey Soft-Touch Asymmetric Top (Size 12 To 14) - Dark Grey,0019827226,8487218,Pure and Natural V-Neck Light Knit Top (One Size - Upto 18) - Multi Colour,0019827295
2026-08-18 17:05:29,2026-08-18 17:06:23,0.9,8360197,La Marey Soft-Touch Asymmetric Top (Size 12 To 14) - Dark Grey,0019827223,8360202,La Marey Soft-Touch Asymmetric Top (Size 12 To 14) - Dark Grey,0019827226
2026-08-18 17:03:19,2026-08-18 17:04:21,1.0,8360187,La Marey Soft-Touch Asymmetric Top (Size 12 To 14) - Dark Grey,0019827220,8360197,La Marey Soft-Touch Asymmetric Top (Size 12 To 14) - Dark Grey,0019827223
2026-08-18 17:01:05,2026-08-18 17:01:21,0.3,8360178,La Marey Longline Knitted Jersey Cardigan (Size 16 to 20) - Grey,0019827218,8360187,La Marey Soft-Touch Asymmetric Top (Size 12 To 14) - Dark Grey,0019827220
2026-08-18 16:51:21,2026-08-18 16:52:22,1.0,8355469,La Marey Corduroy Shacket with Checked Lining (Size 22 to 24) - Red,0019827040,8355464,La Marey Corduroy Shacket with Checked Lining (Size 22 to 24) - Red,0019827039
2026-08-18 16:29:21,2026-08-18 16:30:54,1.5,8166851,La Marey Mulberry Silk Printed Scarf (175 x 65cm) - Blue Black,0019826917,8221141,Emreco Jean Style Stretch Trouser With 29 Inch Leg (Size 20) - Black,0019826923
2026-08-18 16:15:38,2026-08-18 16:16:23,0.7,8037638,La Marey Embroidered Wide-Leg Trousers (Size 20 To 22) - Cream,0019826891,8076881,Pure And Natural Crew Neck Cardigans (Size 14) - Grey,0019826897
2026-08-18 15:39:20,2026-08-18 15:42:23,3.0,8624713,"Cordless Pressure Washer with 2 x 21v Batteries, Accessories for Car, Patio and Garden Cleaning. ...",0019827402,8538095,CBD Queen- Broad Spectrum Oil 20% - 2000mg - Natural - 10ml,0019825946
2026-08-18 15:36:21,2026-08-18 15:37:21,1.0,8242720,,0019826803,8447619,David Jones Leatherette Tote Bag - Lime,0019826846
2026-08-18 15:29:20,2026-08-18 15:30:53,1.5,8538095,CBD Queen- Broad Spectrum Oil 20% - 2000mg - Natural - 10ml,0019825946,8242675,Set of 2 Structured Panel Bag with Silver Chain Strap & Matching Card Slot Purse,0019826792
2026-08-18 15:24:25,2026-08-18 15:25:30,1.1,8545312,"Doctors Formula - Collagen Booster Drink 15,000mg (Apple flavour)",0019829597,8624713,"Cordless Pressure Washer with 2 x 21v Batteries, Accessories for Car, Patio and Garden Cleaning. ...",0019827402
2026-08-18 15:17:22,2026-08-18 15:19:19,1.9,8538095,CBD Queen- Broad Spectrum Oil 20% - 2000mg - Natural - 10ml,0019825946,8545312,"Doctors Formula - Collagen Booster Drink 15,000mg (Apple flavour)",0019829575
2026-08-18 15:06:22,2026-08-18 15:07:19,0.9,8301334,Jaipur Fragrance- 100% Natural Concentrated Perfume - 5ml (Yasmine),0019826580,8624713,"Cordless Pressure Washer with 2 x 21v Batteries, Accessories for Car, Patio and Garden Cleaning. ...",0019827402
2026-08-18 14:41:18,2026-08-18 14:42:24,1.1,8624713,"Cordless Pressure Washer with 2 x 21v Batteries, Accessories for Car, Patio and Garden Cleaning. ...",0019827402,221330683,"MEGA CLEARANCE DEAL- Set of 3 V.V LOVE I'M The One, Chandelier Rouge & La Bella Viva 2 Piece Gift Set",0019829041
2026-08-18 14:38:22,2026-08-18 14:40:40,2.3,8624713,"Cordless Pressure Washer with 2 x 21v Batteries, Accessories for Car, Patio and Garden Cleaning. ...",0019827402,8624713,"Cordless Pressure Washer with 2 x 21v Batteries, Accessories for Car, Patio and Garden Cleaning. ...",0019827402
2026-08-18 14:27:21,2026-08-18 14:28:23,1.0,8538095,CBD Queen- Broad Spectrum Oil 20% - 2000mg - Natural - 10ml,0019825946,8538095,CBD Queen- Broad Spectrum Oil 20% - 2000mg - Natural - 10ml,0019825946
2026-08-18 14:20:41,2026-08-18 14:21:19,0.6,8204114,Golden Metal Cryosculptor Tool for Face & Eyes 6-Sided Gua Sha Contouring Massager - Gold,0019826571,7860127,"Palm Spa and Heat- SoulSmart- Vibration, Palm Spin and Heat Soothing Cordless Hand Massager",0019826578
2026-08-18 12:56:23,2026-08-18 12:58:23,2.0,8516163,Livmore Microfibre Cleaning Towel Roll - 30 Pulls (25 x 25cm) - Beige,0019827403,8538095,CBD Queen- Broad Spectrum Oil 20% - 2000mg - Natural - 10ml,0019825946
2026-08-18 12:03:19,2026-08-18 12:04:24,1.1,8416215,"Rotating Gears Wall Clock - Industrial Roman Numeral Timepiece with 3-Colour LED Backlight, Remote Controlled Moving Gear Art - Silver & Black",0019827208,8099103,Genuine Leather Snakeskin Pattern Crossbody Bag with Top Handle - Pink & Black,0019826437
2026-08-18 11:39:18,2026-08-18 11:40:38,1.3,7817447,MEGA CLEARANCE DEAL - High Speed Vacuum Blender,0019827200,7819288,Luxurious Double Layer Electric Heated Blanket,0019827201
2026-08-18 10:54:21,2026-08-18 10:55:27,1.1,8412380,LIVMORE Hanging Wind Chime (74 cm) - Green,0019827158,8377488,Inflatable Chair - Sofa Bed with Armrest (178 cm) - Blue,0019827164
2026-08-17 20:08:23,2026-08-17 20:09:18,0.9,4465839,EverTrue - African Amethyst Solitaire Solar Ray Pendant with Chain (Size 20) in Yellow Pen Plating,0019825550,8545234,9K Yellow Gold Natural Boots Black Jadeite & Lab Grown Diamond (SI-G-H 1.00 Ct) Solitaire Band Ring 16.50 Ct,0019826155
2026-08-17 20:05:30,2026-08-17 20:07:19,1.8,8481297,D'Joy - AAA African Amethyst & Fresh Water Pearl Heart Ring in Rhodium Overlay Sterling Silver 12.15 Ct.,0019827631,4465839,EverTrue - African Amethyst Solitaire Solar Ray Pendant with Chain (Size 20) in Yellow Pen Plating,0019825550
2026-08-17 19:57:18,2026-08-17 19:58:22,1.1,8481297,D'Joy - AAA African Amethyst & Fresh Water Pearl Heart Ring in Rhodium Overlay Sterling Silver 12.15 Ct.,0019825473,8481297,D'Joy - AAA African Amethyst & Fresh Water Pearl Heart Ring in Rhodium Overlay Sterling Silver 12.15 Ct.,0019827631
2026-08-17 17:04:22,2026-08-17 17:07:20,3.0,8620470,Sterling Silver Hoop Earring with Clasp,0019826110,8262535,LOWEST EVER CLEARANCE PRICE- Opatra Synergy Marble Neck Device With Lifetime Warranty,0019826387
2026-08-17 16:21:21,2026-08-17 16:22:25,1.1,8620470,Sterling Silver Hoop Earring with Clasp,0019826110,8262535,LOWEST EVER CLEARANCE PRICE- Opatra Synergy Marble Neck Device,0019826387
2026-08-17 16:06:23,2026-08-17 16:07:20,0.9,8617178,Charlotte West Close Out V-Neck Puff Sleeve Top (Size 20) - Cream,0019825721,8617172,Charlotte West Close Out V-Neck Puff Sleeve Top (Size 20) - Cream,0019825715
2026-08-17 15:30:53,2026-08-17 15:31:21,0.5,8199604,Best Seller - Tamsy Eyelash Coatigan with Pockets,0019825668,8101136,La Marey Casual Short Sleeve V-Neck Midi Dress with Embroidered Lace Trim (Size S) - Purple,0019821915
2026-08-17 15:18:23,2026-08-17 15:19:18,0.9,8588422,"La Marey Contrast Trim Fleece Gilet (Size XL, 20-22) - Chocolate",0019825690,8636431,La Marey Acrylic Patterned Cardigan (Size - One Size) - Green,0019826618
2026-08-17 14:55:28,2026-08-17 14:56:24,0.9,8380520,SUNNY SOCKS 6 Pairs Cute Cat Paw Socks for Women (Size 3 to 7),0019825663,8479523,Set of 2 - Van Gogh Irises Tote Bag & Cellphone Purse - Blue & Multi,0019825802
2026-08-17 14:44:22,2026-08-17 14:45:36,1.2,8270066,LA MAREY 100% Merino Wool Abstract Print Scarf with Tassel,0019825672,8415248,Ladies Cosy Slippers with Socks (UK Size 7-8) - Grey,0019825660
2026-08-17 14:30:53,2026-08-17 14:32:22,1.5,6305360,Doctors Formula: Power Active Caffeine Serum - 30ml,0019825677,221330609,Cyclax Cocoa Body Butter - Cyclax Vitamin E Face & Body Cream (300ML Each),0019826407
2026-08-17 13:42:24,2026-08-17 13:43:18,0.9,8419178,"La Marey Signature 100% Mulberry Silk Quilt (135 x 200 cm, Single 400Gms) - Grey",0019826114,8101136,La Marey Casual Short Sleeve V-Neck Midi Dress with Embroidered Lace Trim (Size S) - Purple,0019821915
2026-08-17 13:10:41,2026-08-17 13:12:24,1.7,8101136,La Marey Casual Short Sleeve V-Neck Midi Dress with Embroidered Lace Trim (Size S) - Purple,0019821915,8419178,"La Marey Signature 100% Mulberry Silk Quilt (135 x 200 cm, Single 400Gms) - Grey",0019826114
2026-08-17 12:36:24,2026-08-17 12:37:19,0.9,8588596,Luxuriant - AAA Gemfields Zambian Emerald & Lab Grown Diamond (SI-G-H) Cluster Ring in Rhodium Overlay Sterling Silver 1.48 Ct.,0019823746,8101136,La Marey Casual Short Sleeve V-Neck Midi Dress with Embroidered Lace Trim (Size S) - Purple,0019821915
2026-08-17 12:26:23,2026-08-17 12:27:19,0.9,8415047,"Italian Made Cable Necklace (Size - 24) with Lobster Clasp in Yellow Gold Plated Sterling Silver, Silver Wt. 46.70 Gms",0019825622,8101136,La Marey Casual Short Sleeve V-Neck Midi Dress with Embroidered Lace Trim (Size S) - Purple,0019821915
2026-08-17 12:11:19,2026-08-17 12:12:25,1.1,8613692,"Italian Made- Paper Clip Necklace (Size - 20) with Lobster Clasp in Yellow Gold Sterling Silver, Silver Wt. 14.40 Gms",0019825598,8552999,Sterling Silver Curb Flat Figaro Pave Chain (Size - 18) with Lobster Clasp in Two Tone Plating,0019825585
2026-08-16 18:32:24,2026-08-16 18:33:17,0.9,8412266,9K Yellow Gold Greek Key Design Band Ring,0019821124,7561533,Diamond Wishbone Ring in 9K Gold,0019824436
2026-08-16 18:09:18,2026-08-16 18:10:37,1.3,7616285,D'joy Moissanite Solitaire Band Ring in Sterling Silver,0019820995,8846858,9K White Gold Moissanite 7 Stone Ring,0019821077
2026-08-16 17:52:24,2026-08-16 17:53:19,0.9,8516823,D'Joy - Moissanite Cluster Ring in Platinum Overlay Sterling Silver 1.36 Ct.,0019820969,7616285,D'joy Moissanite Solitaire Band Ring in Sterling Silver,0019820995
2026-08-16 17:36:23,2026-08-16 17:37:18,0.9,4477715,Moissanite Cushion Cut Pendant with Chain (Size 18) in Rhodium Overlay Sterling Silver 6.61 Ct.,0019820933,4468756,TJC EXLCLUSIVE - Set of 2 - D'Joy Moissanite Solitaire Stud Push Post Earring & Bracelet (Size - ...,0019820575
2026-08-16 17:31:19,2026-08-16 17:32:23,1.1,8350898,D'Joy - Royal Asscher Cut Moissanite Trilogy Ring in Rhodium Overlay Sterling Silver 5.52 Ct.,0019820986,4477715,Moissanite Cushion Cut Pendant with Chain (Size 18) in Rhodium Overlay Sterling Silver 6.61 Ct.,0019820933
2026-08-16 17:18:22,2026-08-16 17:19:18,0.9,8374652,D'Joy Moissanite Fancy Bracelet (Size - 6.5) in Rhodium OverlaySterling Silver 2.680 Ct.,0019825331,7977885,Moissanite Solitaire Ring in Rhodium Overlay Sterling Silver 9.44 Ct.,0019820663
2026-08-16 16:46:23,2026-08-16 16:47:17,0.9,4468756,"TJC EXLCLUSIVE - Set of 2 - D'Joy Moissanite Solitaire Stud Push Post Earring & Bracelet (Size - 8) within Rhodium Overlay Sterling Silver 25.93 Ct, Silver Wt. 11.36 Gms",0019820575,8561259,D'Joy - Moissanite Trilogy Ring in Rhodium Overlay Sterling Silver  7.00 Ct.,0019820977
2026-08-16 15:49:21,2026-08-16 15:50:39,1.3,8519644,D'Joy - GRA Certified Moissanite D-VVS1 Solitaire Ring in Rhodium Overlay Sterling Silver 1.00 Ct.,0019820837,8556018,D'Joy - Moissanite Dangling Earring with Push Back in Platinum Overlay Sterling Silver 2.00 Ct,0019820888
2026-08-16 15:34:21,2026-08-16 15:35:29,1.1,8613233,D'Joy - GRA Certified Moissanite Graduated Necklace (Size - 18) in Yellow Gold Plated Sterling Silver 3.33 Ct.,0019820807,8613889,D'Joy - GRA Certified Moissanite Solitaire Necklace (Size - 18) in Yellow Gold Plated Sterling Silver 2.00 Ct.,0019820809
2026-08-16 15:03:17,2026-08-16 15:04:23,1.1,8312833,"Livmore 10-Pack Hanging Dehumidifier Bags - 220g Moisture Absorbers for Wardrobes and Cupboards, ...",0019823992,8581174,JCK Vegas Find 2026- 9K Yellow Gold SGL Certified Lab Grown Green Diamond (SI) Solitaire Stud Pus...,0019824447
2026-08-16 14:47:18,2026-08-16 14:48:22,1.1,4462531,D'Joy GRA Certified Moissanite D-VVS1 Solitaire Spiral Pendant with Chain (Size 18) in Rhodium Overlay Sterling Silver,0019820721,8493426,D'Joy - GRA Certified (D-VVS1) Moissanite 5 Stone Ring in Rhodium Overlay Sterling Silver 1.56 Ct.,0019820768
2026-08-16 14:26:21,2026-08-16 14:27:20,1.0,8613006,D'Joy - GRA Certified Moissanite 7 Stone Ring in Sterling Silver 1.68 Ct.,0019820756,4462532,D'Joy - GRA Certified Moissanite D-VVS1 Solitaire Heart Pendant with Chain (Size 18) in Rhodium Overlay Sterling Silver,0019820723
2026-08-16 14:12:25,2026-08-16 14:13:19,0.9,4459289,D'Joy - GRA Certified (D-VVS1) Moissanite Double Halo Hearts & Arrows Cut Pendant with Chain (Size 18) in Rhodium Overlay Sterling Silver 1.20 Ct.,0019820751,8613006,D'Joy - GRA Certified Moissanite 7 Stone Ring in Sterling Silver 1.68 Ct.,0019820756
2026-08-16 14:10:38,2026-08-16 14:11:18,0.7,8486811,D'Joy - GRA Certified Moissanite D-VVS1 Pear Cut Solitaire Earring with Push Back in Rhodium Overlay Sterling Silver.,0019820744,4459289,D'Joy - GRA Certified (D-VVS1) Moissanite Double Halo Hearts & Arrows Cut Pendant with Chain (Size 18) in Rhodium Overlay Sterling Silver 1.20 Ct.,0019820751
2026-08-16 13:32:22,2026-08-16 13:34:22,2.0,8581174,JCK Vegas Find 2026- 9K Yellow Gold SGL Certified Lab Grown Green Diamond (SI) Solitaire Stud Pus...,0019824447,8502395,Luxuriant 18K Yellow Gold SGL Certified VS-EF Lab Grown Diamond Pear Cut Halo Pendant 5.00 Ct,0019824688
2026-08-16 13:29:20,2026-08-16 13:31:17,2.0,8312833,"Livmore 10-Pack Hanging Dehumidifier Bags - 220g Moisture Absorbers for Wardrobes and Cupboards, ...",0019823992,8581174,JCK Vegas Find 2026- 9K Yellow Gold SGL Certified Lab Grown Green Diamond (SI) Solitaire Stud Pus...,0019824447
2026-08-16 13:25:28,2026-08-16 13:26:22,0.9,8312833,"Livmore 10-Pack Hanging Dehumidifier Bags - 220g Moisture Absorbers for Wardrobes and Cupboards, ...",0019823992,8312833,"Livmore 10-Pack Hanging Dehumidifier Bags - 220g Moisture Absorbers for Wardrobes and Cupboards, ...",0019823992
2026-08-16 13:22:28,2026-08-16 13:23:18,0.8,8581174,JCK Vegas Find 2026- 9K Yellow Gold SGL Certified Lab Grown Green Diamond (SI) Solitaire Stud Pus...,0019824447,8581174,JCK Vegas Find 2026- 9K Yellow Gold SGL Certified Lab Grown Green Diamond (SI) Solitaire Stud Pus...,0019824447
2026-08-16 13:20:39,2026-08-16 13:21:19,0.7,8581174,JCK Vegas Find 2026- 9K Yellow Gold SGL Certified Lab Grown Green Diamond (SI) Solitaire Stud Pus...,0019824447,8581174,JCK Vegas Find 2026- 9K Yellow Gold SGL Certified Lab Grown Green Diamond (SI) Solitaire Stud Pus...,0019824447
2026-08-16 13:17:19,2026-08-16 13:19:18,2.0,8164128,Luxuriant Diamond 9K Gold SGL Certified (SI-GH) Lab Grown Diamond Stud Push Back Earring,0019824406,8581174,JCK Vegas Find 2026- 9K Yellow Gold SGL Certified Lab Grown Green Diamond (SI) Solitaire Stud Pus...,0019824447
2026-08-16 13:07:18,2026-08-16 13:08:21,1.1,8094863,Luxuriant Diamond 9K Gold SGL Certified (SI-GH) Lab Grown Diamond Stud Push Back Earring,0019824310,8581174,JCK Vegas Find 2026- 9K Yellow Gold SGL Certified Lab Grown Green Diamond (SI) Solitaire Stud Pus...,0019824447
2026-08-16 12:54:23,2026-08-16 12:55:30,1.1,8168263,Luxuriant Diamond 14K White Gold SGL Certified Asscher Cut Lab Grown Diamond (VS-E-F) Solitaire Ring 3 Ct.,0019824750,8320239,NY Close Out - Luxuriant 14K Yellow Gold SGL Certified (VS-EF) Lab Grown Diamond Solitaire Ring 3.00 Ct.,0019825316
2026-08-16 12:47:20,2026-08-16 12:48:22,1.0,8312833,"Livmore 10-Pack Hanging Dehumidifier Bags - 220g Moisture Absorbers for Wardrobes and Cupboards, ...",0019823992,8312833,"Livmore 10-Pack Hanging Dehumidifier Bags - 220g Moisture Absorbers for Wardrobes and Cupboards, ...",0019823992
2026-08-16 12:42:22,2026-08-16 12:43:18,0.9,8708127,"LIMITED EDITION - Lucy Q - SGL Certified Lab Grown Diamond (SI-G-H) Station Necklace (Size - 20) in Rhodium Overlay Sterling Silver 5.00 Ct, Silver Wt. 22.00 Gms",0019824723,8581174,JCK Vegas Find 2026- 9K Yellow Gold SGL Certified Lab Grown Green Diamond (SI) Solitaire Stud Pus...,0019824447
2026-08-16 12:35:31,2026-08-16 12:36:21,0.8,8591957,Luxuriant - Lab Grown Diamond (SI-G-H) Solitaire Band Ring in Platinum Overlay Sterling Silver,0019824773,8708127,"LIMITED EDITION - Lucy Q - SGL Certified Lab Grown Diamond (SI-G-H) Station Necklace (Size - 20) in Rhodium Overlay Sterling Silver 5.00 Ct, Silver Wt. 22.00 Gms",0019824723
2026-08-16 12:31:18,2026-08-16 12:32:22,1.1,8581174,JCK Vegas Find 2026- 9K Yellow Gold SGL Certified Lab Grown Green Diamond (SI) Solitaire Stud Pus...,0019824447,8591957,Luxuriant - Lab Grown Diamond (SI-G-H) Solitaire Band Ring in Platinum Overlay Sterling Silver,0019824773
2026-08-16 12:24:24,2026-08-16 12:25:27,1.0,8312833,"Livmore 10-Pack Hanging Dehumidifier Bags - 220g Moisture Absorbers for Wardrobes and Cupboards, ...",0019823992,8669047,DEAL OF THE DAY - 9K Yellow Gold SGL Certified Lab Grown Diamond (SI-G-H) Tennis Bracelet (Size - 8) with Lobster Clasp 2.25 Ct.,0019824604
2026-08-16 12:21:19,2026-08-16 12:22:21,1.0,8156301,Luxuriant 9K Yellow Gold Lab Grown Diamond (VS-EF) IGI Certified Hoop Earring,0019824566,8185701,Luxuriant - 9K Gold SGL Certified (VS-EF) Lab Grown Diamond Ring,0019824567
2026-08-16 12:06:22,2026-08-16 12:07:19,1.0,8581174,JCK Vegas Find 2026- 9K Yellow Gold SGL Certified Lab Grown Green Diamond (SI) Solitaire Stud Pus...,0019824447,8279580,"Luxuriant - SI-GH Lab Grown Diamond Tennis Bracelet (Size - 7.5) in 18K Vermeil Yellow Gold Plated & Rhodium Overlay Sterling Silver 2.00 Ct, Silver Wt. 10.15 Gms",0019824715
2026-08-14 23:45:35,2026-08-14 23:46:24,0.8,8421194,Tucson Close Out -Rose Quartz Drop Earring with Lever Back,0019820113,8313915,Tigers Eye Stretchable Bracelet,0019820121
2026-08-14 23:31:21,2026-08-14 23:32:25,1.1,8620508,Sterling Silver Hoop Earring with Clasp,0019820040,8540587,Peacock Triplet Quartz Stud Push Post Earring in Yellow Gold Plated Sterling Silver 1.95 Ct.,0019820116
2026-08-14 23:21:19,2026-08-14 23:22:24,1.1,8356063,"24K Yellow Gold (99.9% Purity) Large Maneki Neko Cat Embossed Treasure - Symbolizing Wealth, Good Fortune & Prosperity",0019823458,8564237,Sterling Silver Flat Figaro Bracelet (Size - 7.5) with Lobster Clasp,0019820038
2026-08-14 22:46:23,2026-08-14 22:47:19,0.9,8356063,"24K Yellow Gold (99.9% Purity) Large Maneki Neko Cat Embossed Treasure - Symbolizing Wealth, Good Fortune & Prosperity",0019821579,8482745,,0019819962
2026-08-14 22:11:22,2026-08-14 22:12:23,1.0,8420761,Set of 2 Crochet Fruit Charms Keychain - Orange & Red,0019819600,8552906,Italian Made Sterling Silver Rambo Necklace (Size - 18) with Lobster Clasp,0019819921
2026-08-14 22:04:26,2026-08-14 22:05:30,1.1,8553726,Fragrance Works Golden Gardenia EDP - 100ml,0019819659,4443231,D'Joy Nebula Quartz Doublet Pendant with Chain (Size 20) in Yellow Gold Plated Sterling Silver 7.29 Ct.,0019819899
2026-08-14 21:38:23,2026-08-14 21:39:21,1.0,8420761,Set of 2 Crochet Fruit Charms Keychain - Orange & Red,0019819600,8553726,Fragrance Works Golden Gardenia EDP - 100ml,0019819659
2026-08-14 21:36:22,2026-08-14 21:37:20,1.0,8595827,"Livmore Set of 2 Shungite Infused Polymer Gel Dotted Heel Pads Targets heel pain, arch pain, foot fatigue, ailment like plantar fasciitis or otherwise due to tiredness",0019820259,8420761,Set of 2 Crochet Fruit Charms Keychain - Orange & Red,0019819600
2026-08-14 21:27:19,2026-08-14 21:28:22,1.1,7880261,,0019819682,8595827,"Livmore Set of 2 Shungite Infused Polymer Gel Dotted Heel Pads Targets heel pain, arch pain, foot fatigue, ailment like plantar fasciitis or otherwise due to tiredness",0019820259
2026-08-14 21:13:18,2026-08-14 21:14:21,1.1,8526654,Anti-Skid Carpet Stopper,0019819558,8519572,Pack of 3 - Houndstooth Non-Woven Extra Large Storage Organizer Box (50 x 32 x 30 cm) - Black,0019819626
2026-08-14 20:38:23,2026-08-14 20:39:20,0.9,8312833,"Livmore 10-Pack Hanging Dehumidifier Bags - 220g Moisture Absorbers for Wardrobes and Cupboards, Fragrance-Free Calcium Chloride Wardrobe Drier - Blue & White",0019823429,8526654,Anti-Skid Carpet Stopper,0019819558
2026-08-14 20:07:21,2026-08-14 20:08:23,1.0,8526654,Anti-Skid Carpet Stopper,0019819558,8741678,"BORDLITE Cabin Bag on Wheels - Lightweight, Retractable Handle Soft Shell Carry On Flight Holdall & Travel Duffel (Free Bag Allowance Approved) 50x35x20 CM - Pink",0019819591
2026-08-14 20:01:05,2026-08-14 20:01:19,0.2,8420761,Set of 2 Crochet Fruit Charms Keychain - Orange & Red,0019819600,8205065,Chic Statement Scarf with Colorful Button Detail,0019819944
2026-08-14 19:53:18,2026-08-14 19:54:22,1.1,8413845,Elegant Herringbone Lined Satchel Handbag with Adjustable Strap - Camel,0019819587,8414471,Set of 2 - Beaded Pink Flower & Multicolour Cherry Design Key Chains (12cm),0019819598
2026-08-14 19:40:40,2026-08-14 19:41:18,0.6,8049189,"Set of 3- Polka Dot Pattern Tote Bag, Pouch &amp; Picnic Mat - Yellow",0019819573,8445218,Designer Inspired - Convertible Clutch & Baguette Shoulder Bag with Chain Strap - Pine Green,0019819583
2026-08-14 19:09:14,2026-08-14 19:10:39,1.4,8322853,"Set of 4 Pairs of Snuggle Toes Cosy Socks (Size UK 4-8) - Christmas Pud, Ho Ho Ho, Christmas Tree & Elf",0019819992,8574618,Beaded Evil Eye Zip-Around Continental Wallet - Silver,0019823336
2026-08-14 18:23:18,2026-08-14 18:24:26,1.1,8480630,"Scented Candle Gift Set of 3 Tins - Cranberry Chutney, Meadow Prairie Grass & Pink Apple & Pear",0019819696,8526654,Anti-Skid Carpet Stopper,0019819558
2026-08-14 17:58:23,2026-08-14 17:59:19,0.9,8484207,Pure And Natural Super Soft Touch Jumper (Size 18) - Cream,0019817913,8555390,Pure And Natural Super Soft V-Neck Jumper (Size 20) - Oatmeal,0019817845
2026-08-14 16:38:24,2026-08-14 16:39:20,0.9,8241554,Marigold & Lotus - 100% Pure Mafura Oil - 100 ML,0019819647,8421845,Mudflower boat and anchor Embroidery Jumper,0019817884
2026-08-14 16:31:18,2026-08-14 16:32:23,1.1,8480527,"Pure And Natural V-Neck Cable Jumper (Size XL, Fit 20 to 22) - Lilac",0019817891,8521555,Pure And Natural V-Neck Cable Jumper (Size 16 to 18) - Fresh Primrose,0019817861
2026-08-14 16:26:23,2026-08-14 16:27:19,0.9,7932690,Emma Cable Knit Jumper,0019818037,3888497,TAMSY Stripe Long Sleeves Knit Top - Black & Beige,0019818045
2026-08-14 16:23:21,2026-08-14 16:24:23,1.0,8241554,Marigold & Lotus - 100% Pure Mafura Oil - 100 ML,0019819647,7932690,Emma Cable Knit Jumper,0019818037
2026-08-14 16:19:20,2026-08-14 16:20:37,1.3,7932016,La Marey Acrylic Solid Jumper,0019818025,7898092,La Marey Pure Cotton Round Neck Cozy Jumper,0019818028
2026-08-14 00:02:28,2026-08-14 00:03:20,0.9,8572391,D'Joy - Tanzanite & White Zircon Dangling Earring with Push Post in Rhodium Overlay Sterling Silv...,0019816705,8480178,EverTrue White Diamond Tennis Bracelet - Yellow (Size - 7.5),0019819279
2026-08-13 23:38:22,2026-08-13 23:39:18,0.9,8527342,"NY Close Out Deal- 14K Yellow Gold Natural Yellow Diamond (SI) and Natural White Diamond (I1-I2) Ring 1.75 Ct, Gold Wt. 4.20 Gms",0019819452,8516309,New York Close Out - 14K Yellow Gold SGL Certified Earth Mined Natural Yellow Diamond & White Diamond  Band Ring 2.00 Ct. 4.50 gram,0019819469
2026-08-13 22:42:23,2026-08-13 22:43:19,0.9,8501363,D'Joy Natural Pink Diamond Leaf Vine Ring in 18K Vermeil Rose Gold Plated Sterling Silver,0019813935,8501407,D'Joy Natural Pink Diamond Leaf Vine Ring in 18K Vermeil Rose Gold Plated Sterling Silver,0019819448
2026-08-13 22:04:22,2026-08-13 22:05:34,1.2,8586811,Heirloom Collection - Rhapsody - 950 Platinum AAAA Tanzanite (4.4ct) & White Diamond (VS-E-F 0.40...,0019816810,8501372,Brand New D'Joy Natural Pink Diamond Leaf Hoop Earrings with Clasp in 18K Rose Gold Vermeil Sterling Silver 0.25 Ct,0019819238
2026-08-13 21:56:21,2026-08-13 21:57:18,0.9,8620512,Sterling Silver Hoop Earring with Clasp,0019820426,8553022,Yellow Gold Plated Sterling Silver Flat Rambo Chain (Size - 18) with Lobster Clasp,0019820432
2026-08-13 21:47:20,2026-08-13 21:48:25,1.1,7750660,"Royal Bali Handmade Hammered Sterling Silver Cuff Bangle (Size-7.5), Silver Wt. 31.58 Gms",0019820430,8620514,Sterling Silver Hoop Earring with Clasp,0019820427
2026-08-13 21:05:28,2026-08-13 21:06:25,0.9,8576493,RHAPSODY - 950 Platinum AAAA Tanzanite & Natural Diamond (VS-E-F) Pear Cut Pendant 4.00 Ct,0019816745,8572391,D'Joy - Tanzanite & White Zircon Dangling Earring with Push Post in Rhodium Overlay Sterling Silv...,0019816705
2026-08-13 19:40:39,2026-08-13 19:42:24,1.8,8572391,D'Joy - Tanzanite & White Zircon Dangling Earring with Push Post in Rhodium Overlay Sterling Silv...,0019816705,8586811,"Heirloom Collection - Rhapsody - 950 Platinum AAAA Tanzanite (4.4ct) & White Diamond (VS-E-F 0.40ct) Trillion Cut Ring 4.80 Ct, Platinum Wt. 7.37 Gms",0019816810
2026-08-13 18:57:25,2026-08-13 18:59:17,1.9,8314611,Rhapsody 950 Platinum AAAA Tanzanite Solitaire Ring Platinum,0019818528,8358294,RHAPSODY - 950 Platinum AAAA Tanzanite Intense Vivid Solitaire Earring with Screw Back 2.70 Ct,0019816895
2026-08-13 18:34:22,2026-08-13 18:35:29,1.1,8572391,D'Joy - Tanzanite & White Zircon Dangling Earring with Push Post in Rhodium Overlay Sterling Silv...,0019816705,8572391,D'Joy - Tanzanite & White Zircon Dangling Earring with Push Post in Rhodium Overlay Sterling Silv...,0019816705
2026-08-13 18:29:20,2026-08-13 18:30:53,1.6,8587168,"D'Joy - Tanzanite, Champagne Diamond & Natural White Diamond Halo Ring in 18K Vermeil Yellow Gold Plated Sterling Silver 0.70 Ct.",0019818468,8572291,Luxuriant - Tanzanite & Lab Grown Diamond (SI-G-H) Ring in Rhodium Overlay Sterling Silver 0.70 Ct.,0019818486
2026-08-13 18:15:40,2026-08-13 18:16:22,0.7,8572428,Luxuriant - AAA Tanzanite & Lab Grown Diamond (SI-G-H) Stud Push Post Earring in 18K Vermeil Yellow Gold Plated Sterling Silver,0019816706,4476888,D'Joy - Tanzanite & White Zircon Solitaire Pendant with Chain (Size 20) in Rhodium Overlay Sterling Silver,0019816707
2026-08-13 18:08:22,2026-08-13 18:10:41,2.3,8642438,Vicenza Find-9K Yellow Gold Belcher Necklace (Size - 16) with Lobster Clasp,0019818742,8572269,D'Joy - AAA Tanzanite & White Zircon Dangling Earring with Push Post in Yellow Gold Plated Sterling Silver,0019816704
2026-08-13 18:04:22,2026-08-13 18:06:29,2.1,8245348,Designer Inspired - D'Joy Edison Pearl Cuff Bangle,0019819039,8642438,Vicenza Find-9K Yellow Gold Belcher Necklace (Size - 16) with Lobster Clasp,0019818742
2026-08-13 17:58:23,2026-08-13 17:59:20,0.9,8249660,Designer Inspired - D'Joy Edison Pearl Cuff Bangle,0019819014,8245348,Designer Inspired - D'Joy Edison Pearl Cuff Bangle,0019819039
2026-08-13 17:47:22,2026-08-13 17:50:40,3.3,8642438,Vicenza Find-9K Yellow Gold Belcher Necklace (Size - 16) with Lobster Clasp,0019818742,8708942,Rare AAA White Edison Pearl (11-13mm)  Necklace (Size - 20) in Yellow Gold Plated Sterling Silver with Magnetic Lock,0019818844
2026-08-13 17:31:21,2026-08-13 17:34:32,3.2,8642438,Vicenza Find-9K Yellow Gold Belcher Necklace (Size - 16) with Lobster Clasp,0019818742,8499105,Luxuriant - Tarakasi 18K Yellow Gold IGI Certified VS-E-F Lab Grown Diamond Oval Cut Solitaire Pendant 2.00 Ct.,0019819198
2026-08-13 17:05:30,2026-08-13 17:06:23,0.9,8642438,Vicenza Find-9K Yellow Gold Belcher Necklace (Size - 16) with Lobster Clasp,0019818742,8642438,Vicenza Find-9K Yellow Gold Belcher Necklace (Size - 16) with Lobster Clasp,0019818742
2026-08-13 16:45:36,2026-08-13 16:46:21,0.8,8642438,Vicenza Find-9K Yellow Gold Belcher Necklace (Size - 16) with Lobster Clasp,0019818742,8094863,Luxuriant Diamond 9K Gold SGL Certified (SI-GH) Lab Grown Diamond Stud Push Back Earring,0019818846
2026-08-13 16:41:19,2026-08-13 16:43:22,2.0,8484296,Charlotte West Ladies QuiLighted Padded Gilet (Size 18) - Pink,0019818059,8642438,Vicenza Find-9K Yellow Gold Belcher Necklace (Size - 16) with Lobster Clasp,0019818742
2026-08-12 09:06:29,2026-08-12 09:07:19,0.8,8283130,Emma Ladies Shoe,0019816848,8380637,,0019816861
2026-08-12 08:46:27,2026-08-12 08:47:19,0.9,7932568,"La Marey Classic Twill Jacket with Decorative Pockets (Size XXL, 24-26) - Yellow",0019816876,7874400,La Marey Checked Belted Winter Shirt,0019816513
2026-08-12 08:35:29,2026-08-12 08:36:23,0.9,8151342,La Marey Signature Genuine Nappa Leather Jacket (Size XL 20 To22) - Chocolate,0019817336,3890811,TAMSY Long Sleeves Blazer with Notched Lapel Collar - Grey,0019816497
2026-08-12 08:29:19,2026-08-12 08:30:56,1.6,7788930,La Marey Pure Cotton Elastic Waist Casual Wear Trousers,0019816566,8151342,La Marey Signature Genuine Nappa Leather Jacket (Size XL 20 To22) - Chocolate,0019817336
2026-08-12 08:17:20,2026-08-12 08:18:22,1.0,8158482,Genuine Leather crossbody bag,0019817264,7898138,La Marey Viscose Solid Cardigan and Sweater-Jumper,0019816652
2026-08-12 07:56:23,2026-08-12 07:57:18,0.9,8196719,Onshindo Osaka Anti-Ageing Lightweight Face Day Cream - 50ml,0019816785,8196744,Onshindo Osaka Face Scrub for All Skin Types - 75ml,0019817287
2026-08-12 07:27:21,2026-08-12 07:29:21,2.0,8212261,Livmore Rechargeable Hot Compress Portable Massager Belt with Heat and Vibration Therapy - Grey,0019816901,8158482,Genuine Leather crossbody bag,0019817264
2026-08-12 07:09:19,2026-08-12 07:10:37,1.3,8158482,Genuine Leather crossbody bag,0019817264,8158482,Genuine Leather crossbody bag,0019817264
2026-08-12 07:05:32,2026-08-12 07:07:21,1.8,7710644,Back By Popular Demand - Opatra HandySpa,0019816890,8158482,Genuine Leather crossbody bag,0019817264
2026-08-12 06:51:19,2026-08-12 06:52:23,1.1,8217226,"Opatra Slim (Radiance Redefined with Radio Frequency, Cavitation Ultrasound and LED Therapy)",0019816891,7027073,Opatra- 2 Piece Set - Infrared-LED HandyLight,0019816892
2026-08-12 06:40:38,2026-08-12 06:41:18,0.7,8730286,Opatra- Dermisonic Second Edition,0019816894,3177475,Opatra- Synergy Neck,0019816893
2026-08-12 06:28:22,2026-08-12 06:29:18,0.9,6305360,Doctors Formula: Power Active Caffeine Serum - 30ml,0019816332,8236481,Maracuja Oil - 100 ml,0019816902
2026-08-12 06:16:22,2026-08-12 06:17:22,1.0,8197755,Set of 2 Multi-Colour Woven Pattern Cosmetic Bags - Beige,0019817281,8203512,Minimalist LED Lighted Makeup Mirror 500 mAh Rechargeable Vanity Mirror with 3,0019816897
2026-08-12 06:09:21,2026-08-12 06:10:36,1.2,8197755,Set of 2 Multi-Colour Woven Pattern Cosmetic Bags - Beige,0019816316,8197755,Set of 2 Multi-Colour Woven Pattern Cosmetic Bags - Beige,0019817281
2026-08-12 06:07:21,2026-08-12 06:08:25,1.1,8158482,Genuine Leather crossbody bag,0019817264,8197755,Set of 2 Multi-Colour Woven Pattern Cosmetic Bags - Beige,0019816316
2026-08-12 06:04:23,2026-08-12 06:05:29,1.1,8613670,"Italian Made 9K Yellow Gold Rollerball Bracelet (Size - 7.5) with Lobster Clasp,",0019816533,8158482,Genuine Leather crossbody bag,0019817264
2026-08-12 05:34:23,2026-08-12 05:36:22,2.0,8597033,Maestro Collection - 9K Yellow Gold Necklace (Size - 20) with Spring Ring Clasp,0019816563,8692858,"9K Yellow Gold Hand Made Byzantine Necklace (Size - 20) with Lobster Clasp, Gold Wt. 22.83 Gms",0019816024
2026-08-12 05:28:22,2026-08-12 05:29:18,0.9,8572397,9K Yellow Gold Hoop Earring with Clasp,0019816542,8597033,Maestro Collection - 9K Yellow Gold Necklace (Size - 20) with Spring Ring Clasp,0019816563
2026-08-12 05:10:41,2026-08-12 05:11:21,0.7,8055392,Ottoman Treasures - 9K Yellow Gold Curb Necklace with Spring Ring Clasp,0019816525,8560433,9K Yellow Gold Paperclip Necklace with Lobster Clasp,0019816522
2026-08-12 05:08:21,2026-08-12 05:09:21,1.0,8039888,9K Yellow Gold Pixiu Pendant,0019816529,8055392,Ottoman Treasures - 9K Yellow Gold Curb Necklace with Spring Ring Clasp,0019816525
2026-08-12 05:04:25,2026-08-12 05:05:27,1.0,8214811,"Santa Fe Collection - Blue Turquoise Bangle (Size - 7.75) Sterling Silver 6.20 Ct, Silver Wt. 17.00 Gms.",0019816063,8158482,Genuine Leather crossbody bag,0019817264
2026-08-12 04:51:19,2026-08-12 04:52:22,1.1,8505310,STASH Hair and Elixir Oil - 30ml,0019815955,7949774,Douvalls Body Butter (60ml),0019815996
2026-08-12 04:48:22,2026-08-12 04:49:18,0.9,8377454,Designer Inspired Genuine Leather Geometric Panel Handbag with 2 Detachable Straps - Grey,0019817258,8505310,STASH Hair and Elixir Oil - 30ml,0019815955
2026-08-12 04:39:19,2026-08-12 04:40:38,1.3,7688438,"Sterling Silver Bracelet (Size - 7.5),  Silver Wt. 11.4 Gms",0019816059,8158482,Genuine Leather crossbody bag,0019817264
2026-08-12 04:25:31,2026-08-12 04:26:24,0.9,8278791,D'Joy Ethiopian Opal and Natural Zircon Bracelet in Rhodium Overlay Sterling Silver,0019816049,8380667,"D'Joy Ethiopian Opal Tennis Bracelet (Size - 7) in Rhodium Overlay Sterling Silver 12.26 Ct, Silver Wt. 9.00 Gms",0019816050
2026-08-12 04:11:21,2026-08-12 04:12:21,1.0,8158482,Genuine Leather crossbody bag,0019817264,8108265,Lucy Q Pearl Drop Collection - White Fresh Water Pearl Bracelet in Rhodium Overlay Sterling Silver,0019816039
2026-08-12 04:03:19,2026-08-12 04:06:25,3.1,8422664,Enhanced Green Jade & White Crystal Ballpoint Pen,0019815999,8158482,Genuine Leather crossbody bag,0019817264
2026-08-12 03:45:39,2026-08-12 03:46:23,0.7,8217761,ONE TIME CLOSEOUT - Ignacio Figueras Unisex EDP - 100ml,0019815957,7997042,Laurelle My Mic EDP - 100ml,0019816000
2026-08-12 03:40:39,2026-08-12 03:41:19,0.7,8165527,Leather Rectangle Tote Bag,0019816010,8217761,ONE TIME CLOSEOUT - Ignacio Figueras Unisex EDP - 100ml,0019815957
2026-08-12 03:17:18,2026-08-12 03:20:37,3.3,8236435,Hiwatch Plus HW37 Smart Watch with 1.28 inch IPS Display,0019815953,7762767,SWISS MADE Christophe Duchamp Raidillon Chrono 10 ATM WR Watch (44.5mm width case) Gold,0019816007
2026-08-12 03:13:17,2026-08-12 03:14:22,1.1,8526865,GLAS Eyewear Andrea Sunglasses- Wine Red,0019815947,8236435,Hiwatch Plus HW37 Smart Watch with 1.28 inch IPS Display,0019815953
2026-08-12 02:57:19,2026-08-12 02:58:20,1.0,8528706,Stripe Microfibre Beach Towel (90 x 180cm) - Multicolour,0019815994,7636472,"Homesmart Heater with Wide Angle Oscillating Function & LED Display (220-240V, 1300-2000W), Safety Trip Feature",0019815886
2026-08-12 02:54:22,2026-08-12 02:55:29,1.1,8515361,Ikon Recycled Cotton Blend Throw (150 x 125 cm) - Dark Grey,0019815993,8528706,Stripe Microfibre Beach Towel (90 x 180cm) - Multicolour,0019815994
2026-08-12 02:51:18,2026-08-12 02:52:22,1.1,8435765,Livmore Printed Flannel Cozy Throw Blanket (150x224cm) - Black,0019815898,8515361,Ikon Recycled Cotton Blend Throw (150 x 125 cm) - Dark Grey,0019815993
2026-08-12 02:47:18,2026-08-12 02:48:30,1.2,7699351,Set of 2 - Delicates Wash Bag with Secure Zip Closure (3 Mesh Laundry Bags) - White,0019815880,8435765,Livmore Printed Flannel Cozy Throw Blanket (150x224cm) - Black,0019815898
2026-08-12 02:36:22,2026-08-12 02:37:19,1.0,8194754,Merry Christmas Bleached Print Coir Doormat (60 x 40 cm) - Christmas,0019815874,7718062,Snow-Flocked Artificial Christmas Tree,0019815992
2026-08-12 02:28:22,2026-08-12 02:29:19,1.0,8282803,LIVMORE Handmade Knitted Flower Bouquet with 10 LED Lights (26cm) - Yellow,0019815878,8429484,Handmade Iron Fairy Wind Chime (51 cm) - Golden,0019815879
2026-08-12 02:22:24,2026-08-12 02:23:18,0.9,8283251,LIVMORE Handmade Knitted Flower Bouquet with Little Bear & LED Lights (26cm) - Blue,0019815872,8379251,Topped Faux Fur Hot Water Bottle (2L) - Light Grey,0019815873
2026-08-12 02:14:24,2026-08-12 02:15:40,1.3,8412022,Livmore Feng Shui Activating Prosperity Tree Trinket Box with Flowers & Hanging Easter Egg - Red,0019815868,8412904,Livmore Dragon Glass Decor - Yellow,0019815869
2026-08-12 02:08:22,2026-08-12 02:09:19,0.9,8280489,Portable Folding & Retractable Telescopic Stool (44cm Adjustable) - Black,0019815894,8279101,LIVMORE Gemstone Orgone Decorative Pyramid (5cm) With Pyrite,0019815870
2026-08-12 02:03:19,2026-08-12 02:07:17,4.0,8479480,,0019816472,8280489,Portable Folding & Retractable Telescopic Stool (44cm Adjustable) - Black,0019815894
2026-08-12 01:54:21,2026-08-12 01:55:30,1.2,8552967,Italian Made - Yellow Gold Plated Sterling Silver Flat Figaro Necklace (Size - 24) with Lobster Clasp,0019816496,8479480,,0019816472
2026-08-12 01:35:29,2026-08-12 01:38:29,3.0,8503852,EverTrue - Green Onyx Pear Cut Solitaire Ring in Yellow Gold Tone 2.28 Ct.,0019816480,8552967,Italian Made - Yellow Gold Plated Sterling Silver Flat Figaro Necklace (Size - 24) with Lobster Clasp,0019816496
2026-08-12 01:33:19,2026-08-12 01:34:22,1.1,8481579,Verde Onyx Linking Bracelet (Size - 7.5) with Lobster Clasp 13.94 Ct.,0019816461,8503852,EverTrue - Green Onyx Pear Cut Solitaire Ring in Yellow Gold Tone 2.28 Ct.,0019816480
2026-08-12 01:24:21,2026-08-12 01:25:28,1.1,8421028,Lapis Lazuli Necklace (Size - 18-2 Ext) with Lobster Clasp 12.00 Ct.,0019816453,8562357,D'Joy - Natural Crimson Fire Opal Solitaire Stud Push Post Earring in Platinum Overlay Sterling Silver,0019816445
2026-08-12 01:12:24,2026-08-12 01:13:19,0.9,8572479,D'Joy - AAA Tanzanite & White Zircon Solitaire Stud Push Post Earring in Yellow Gold Plated Sterling Silver,0019816439,8528096,EverTrue - Citrine Tree of Life Earring with Lever Back 3.22 Ct.,0019816443
2026-08-12 01:05:29,2026-08-12 01:08:21,2.9,8723797,LA Close Out Deal- White Fresh Water Pearl Adjustable Necklace (Size - 18-2 Ext),0019817256,8505951,Emeraldine Triplet Quartz Solitaire Stud Push Post Earring in Platinum Overlay Sterling Silver 3.35 Ct.,0019816436
2026-08-12 00:48:24,2026-08-12 00:51:20,2.9,8313352,"GP - Celestial Dream Collection African Amethyst, Blue Sapphire & White Zircon Multi Row Necklace (Size 20) in Rhodium Overlay Sterling Silver 6.39 Ct, Silver Wt. 27.44 Gms.",0019816414,8566016,"Nova of London 2-In-1 Tie Dye Mesh Overlay Necklace Top (Size - S, 10-12) - Blue",0019814413
2026-08-12 00:43:20,2026-08-12 00:44:25,1.1,8312424,"GP- Celestial Dream Collection African Amethyst, Blue Sapphire & White Zircon Motif Linked Bracelet (Size 7.5) with GB Lock Box in Rhodium Overlay Sterling Silver 3.54 Ct, Silver Wt. 17.27 Gms.",0019816413,8313352,"GP - Celestial Dream Collection African Amethyst, Blue Sapphire & White Zircon Multi Row Necklace (Size 20) in Rhodium Overlay Sterling Silver 6.39 Ct, Silver Wt. 27.44 Gms.",0019816414
2026-08-12 00:34:21,2026-08-12 00:35:29,1.1,4457975,Luxuriant - SI-G-H Lab Grown Diamond & AAA African Amethyst Pear Cut Solitaire Pendant with Chain (Size 20) in Rhodium Overlay Sterling Silver 28.31 Ct.,0019816379,8566016,"Nova of London 2-In-1 Tie Dye Mesh Overlay Necklace Top (Size - S, 10-12) - Blue",0019814413
2026-08-12 00:19:16,2026-08-12 00:20:40,1.4,8566016,"Nova of London 2-In-1 Tie Dye Mesh Overlay Necklace Top (Size - S, 10-12) - Blue",0019814413,8486266,LARGEST AMETHYST RING - Lab Grown Diamond SI-G-H & AAA African Amethyst Pear Cut Solitaire Ring in Rhodium Overlay Sterling Silver 27.33 Ct.,0019816383
2026-08-12 00:12:24,2026-08-12 00:13:20,0.9,8466299,,0019816391,4455137,AAA African Amethyst Solitaire Pendant in Yellow Gold Plated Sterling Silver with Chain (Size 20) 1.17 Ct.,0019816098
2026-08-12 00:06:21,2026-08-12 00:08:21,2.0,8498239,,0019816091,8466299,,0019816391
2026-08-11 23:36:23,2026-08-11 23:37:19,0.9,8481296,D'Joy - AAA African Amethyst & Fresh Water Pearl Heart Ring in Rhodium Overlay Sterling Silver 12.15 Ct.,0019816182,7962303,TUCSON FINDS - AAA African Amethyst & White Zircon Halo Ring in 18K Vermeil Yellow Gold Plated Sterling Silver 18.30 Ct.,0019816279
2026-08-11 23:21:20,2026-08-11 23:23:20,2.0,8591192,THE ROYAL ORCHID - 9K Yellow Gold AAA Amethyst Pear Cut Solitaire Ring 6.80 Ct.,0019816104,8480190,,0019816075
2026-08-11 23:05:29,2026-08-11 23:06:24,0.9,8545602,AAA African Amethyst & Lab Grown Diamond (SI-G-H) Trilogy Ring in 18K Vermeil Yellow Gold Plated Sterling Silver 5.47 Ct.,0019816291,4469195,AAA African Amethyst & Lab Grown Diamond (SI-G-H) Pendant with Chain (Size 20) in 18K Vermeil Yellow Gold Plated Sterling Silver 5.12 Ct.,0019816290
2026-08-11 22:08:26,2026-08-11 22:10:40,2.2,8567945,"RHAPSODY - 18K Yellow Gold AAAA Natural Turkizite Tennis Bracelet (Size - 7.5) 27.50 Ct, Gold Wt 7.55 Gms",0019816372,4455701,D'Joy - AAA African Amethyst & White Zircon Pendant with Chain (Size 20) in Yellow Gold Plated Sterling Silver 3.36 Ct.,0019816286
2026-08-11 21:44:25,2026-08-11 21:45:43,1.3,8525101,"Rhapsody 950 Platinum AAAA Turkizite & VS-E-F White Diamond Dangling Earring with Screw Back 8.64 Ct, Platinum Wt. 6.57 Gms",0019816351,8233790,"100% Viscose Floral V-Neck Midi Dress With Tassel Waist Tie (Size L-XL, 16-22) - Cobalt Blue",0019815477
2026-08-11 20:37:19,2026-08-11 20:38:25,1.1,8566016,"Nova of London 2-In-1 Tie Dye Mesh Overlay Necklace Top (Size - S, 10-12) - Blue",0019814413,8566016,"Nova of London 2-In-1 Tie Dye Mesh Overlay Necklace Top (Size - S, 10-12) - Blue",0019814413
2026-08-11 20:35:30,2026-08-11 20:36:27,1.0,8566016,"Nova of London 2-In-1 Tie Dye Mesh Overlay Necklace Top (Size - S, 10-12) - Blue",0019814413,8566016,"Nova of London 2-In-1 Tie Dye Mesh Overlay Necklace Top (Size - S, 10-12) - Blue",0019814413
2026-08-11 20:31:20,2026-08-11 20:32:25,1.1,8309874,"Limited Edition William Hunt London Dragon Watch with Automatic Movt. 5 ATM Water Resistancy, Blue Sapphire Crystal Dial and Adjustable Milanese Strap",0019814489,8233790,"100% Viscose Floral V-Neck Midi Dress With Tassel Waist Tie (Size L-XL, 16-22) - Cobalt Blue",0019815477
2026-08-11 20:04:23,2026-08-11 20:05:32,1.2,8566016,"Nova of London 2-In-1 Tie Dye Mesh Overlay Necklace Top (Size - S, 10-12) - Blue",0019814413,8309874,"Limited Edition William Hunt London Dragon Watch with Automatic Movt. 5 ATM Water Resistancy, Blue Sapphire Crystal Dial and Adjustable Milanese Strap",0019814489
2026-08-11 20:01:19,2026-08-11 20:02:24,1.1,8566016,"Nova of London 2-In-1 Tie Dye Mesh Overlay Necklace Top (Size - S, 10-12) - Blue",0019814413,8233790,"100% Viscose Floral V-Neck Midi Dress With Tassel Waist Tie (Size L-XL, 16-22) - Cobalt Blue",0019815477
2026-08-08 08:08:21,2026-08-08 08:09:19,1.0,8245391,Harry Potter Magical Essence Man EDP - 100ml,0019810934,8301307,Velvet Smoke Zephr 5ml Oud Musk,0019810936
2026-08-08 07:23:17,2026-08-08 07:24:23,1.1,8419654,Genuine Leather Designer Minimalist Zipper Crossbody Top Handle Box Bag - Light Pink,0019811944,8413527,Double Layer Inverted Windproof Manual Open Stick Reverse Umbrella - Green & Black,0019811952
2026-08-08 07:16:23,2026-08-08 07:17:17,0.9,8377488,Inflatable Reclining Couch Sofa Bed with Armrest (178 cm) - Blue,0019810900,8535912,Inflatable Flocked Armchair - 150kg Capacity Blow Up Lounger Chair with Hand Pump - Khaki,0019811941
2026-08-08 07:11:25,2026-08-08 07:12:20,0.9,8419654,Genuine Leather Designer Minimalist Zipper Crossbody Top Handle Box Bag - Light Pink,0019811944,7544838,GAMAGES OF LONDON Mantua Diamond Swiss Quartz Movement Water Resistant Ladies Watch with Navy Blu...,0019811043
2026-08-08 06:13:18,2026-08-08 06:14:20,1.0,7544838,GAMAGES OF LONDON Mantua Diamond Swiss Quartz Movement Water Resistant Ladies Watch with Navy Blu...,0019811043,8506032,Set of 4 Multi Purpose Bags Including 1 Cooler Bag,0019810923
2026-08-08 06:02:27,2026-08-08 06:03:19,0.9,7544838,GAMAGES OF LONDON Mantua Diamond Swiss Quartz Movement Water Resistant Ladies Watch with Navy Blu...,0019811043,8552967,Italian Made - Yellow Gold Plated Sterling Silver Flat Figaro Necklace (Size - 24) with Lobster C...,0019810504
2026-08-08 05:58:23,2026-08-08 05:59:17,0.9,8666666,Bronzella Collection - 18K Gold Overlay Italian Made Rock Necklace (Size - 20) Weight 10.60 Grams,0019811934,7544838,GAMAGES OF LONDON Mantua Diamond Swiss Quartz Movement Water Resistant Ladies Watch with Navy Blu...,0019811043
2026-08-08 05:27:20,2026-08-08 05:28:21,1.0,8502119,Ratanakiri AAA Blue Zircon (Oval 2.00 Cts) and Lab Grown Diamond ( 0.50 Cts) Ring in Rhodium Overlay Sterling Silver 2.50 Ct.,0019811308,8556052,D'Joy - Moissanite Dangling Earring with Push Back in Sterling Silver 2.14 Ct.,0019811145
2026-08-08 05:22:22,2026-08-08 05:23:18,0.9,4463772,BIGGEST MOISSANITE AT TJC - Moissanite Solitaire Pendant with Chain (Size 18) in Rhodium Overlay Sterling Silver 30.00 Ct.,0019811912,8502119,Ratanakiri AAA Blue Zircon (Oval 2.00 Cts) and Lab Grown Diamond ( 0.50 Cts) Ring in Rhodium Overlay Sterling Silver 2.50 Ct.,0019811308
2026-08-08 05:02:24,2026-08-08 05:03:19,0.9,8266723,Luxuriant Lab Grown Bixbite & Lab Grown Diamond (SI-GH) 3 Stone Ring in Rhodium Overlay Sterling Silver 1.53 Ct.,0019811493,8156676,D'joy Champagne Diamond Trilogy Band Ring in 18K Vermeil Yellow Gold Plated & Rhodium Overlay Sterling Silver,0019811190
2026-08-08 03:50:36,2026-08-08 03:51:19,0.7,8252846,WILLIAM HUNT Limited Edition Heritage Automatic Watch with Adjustable Black Leather Strap - 5ATM Water Resistancy & Sapphire Crystal Glass - Gold,0019811314,8431547,"William Hunt London Legacy Moissanite Watch With Japanese Miyota Movement, 5 ATM Water Resistance, Calendar Function Presented in a Gift Box - Black",0019811184
2026-08-08 03:45:34,2026-08-08 03:46:22,0.8,8319620,GENOA TIME V2 Sunshine Series Quartz PC21S 3ATM WR White Dial and Silver Case Ladies Watch,0019811261,8252846,WILLIAM HUNT Limited Edition Heritage Automatic Watch with Adjustable Black Leather Strap - 5ATM Water Resistancy & Sapphire Crystal Glass - Gold,0019811314
2026-08-08 03:41:26,2026-08-08 03:42:22,0.9,7973866,White Swarovski Crystal Watch,0019811188,8319620,GENOA TIME V2 Sunshine Series Quartz PC21S 3ATM WR White Dial and Silver Case Ladies Watch,0019811261
2026-08-08 03:16:26,2026-08-08 03:17:18,0.9,8235390,GAMAGES OF LONDON LIMITED EDITION Charlotte Diamond Watch With Swiss Movement,0019811039,8311847,"Closeout Deal - i20 Ultra 2 Max 10-in-1 Smartwatch Set with Earphones & 7 Strap, Compatible with Apple iOS and Android",0019811034
2026-08-08 03:12:25,2026-08-08 03:13:26,1.0,8414796,William Hunt London Legacy Lab Grown Diamond (VVS E-F) 5ATM Water Resistancy Watch with Genuine Leather Strap Swiss Movement- Blue,0019811038,8235390,GAMAGES OF LONDON LIMITED EDITION Charlotte Diamond Watch With Swiss Movement,0019811039
2026-08-08 02:54:22,2026-08-08 02:55:31,1.1,8447223,Designer Inspired Satchel-Style Handbag with Belt Detail - Blue,0019811923,8465930,Quilted Weekender Travel Style Duffle Bag with Shoulder Strap - Brown,0019811928
2026-08-08 02:08:20,2026-08-08 02:09:18,1.0,7890954,La Marey Genuine Leather Snakeskin Crossbody Bag,0019811104,8214475,La Marey Genuine Leather Crossbody Bag with Chain Strap,0019811109
2026-08-08 01:38:23,2026-08-08 01:39:18,0.9,8350852,"D'Joy Moissanite Tennis Bracelet (Size - 8) in Rhodium Overlay Sterling Silver 7.26 Ct, Silver Wt.12.00 Gms",0019811156,8301476,Adult Light Up Beanie Hat,0019811904
2026-08-08 00:37:19,2026-08-08 00:39:25,2.1,8482834,Moissanite Pen - Golden Colour with Black Ink.,0019811175,8552967,Italian Made - Yellow Gold Plated Sterling Silver Flat Figaro Necklace (Size - 24) with Lobster C...,0019810504
2026-08-07 08:13:19,2026-08-07 08:14:23,1.1,8414896,La Marey Soft Touch Asymmetric Top (Size 20 to 22) - Blue,0019809746,8228330,Charlotte West 100% Cotton Boat Neck Striped T-Shirt (Size 10) - Blue,0019809766
2026-08-07 08:10:37,2026-08-07 08:11:26,0.8,8414892,La Marey Soft Touch Asymmetric Top (Size 20 to 22) - Blue,0019809745,8414896,La Marey Soft Touch Asymmetric Top (Size 20 to 22) - Blue,0019809746
2026-08-07 07:36:28,2026-08-07 07:38:23,1.9,7550391,Creme Du Loch- Age Defying Daily Serum - 50ml,0019810828,8502776,"Comfortisse Set of 3 Uplift Padded Bra (Size - XL, 38-40) - Black, Beige & White",0019809692
2026-08-07 07:25:32,2026-08-07 07:26:29,0.9,7539748,Creme Du Loch- Age Defying Daily Moisturiser - New - 50ml,0019810827,7550391,Creme Du Loch- Age Defying Daily Serum - 50ml,0019810828
2026-08-07 06:45:34,2026-08-07 06:46:29,0.9,8243406,Beautech Red & Blue Light Therapy Hair Comb for Hair Growth & Scalp Care with Lifetime Warranty,0019810811,8071880,Marigold & Lotus 100% Natural Rosemary Spray for Hair & Skin Health,0019810825
2026-08-07 06:05:29,2026-08-07 06:06:31,1.0,8273733,Wireless Earphones High-Quality Sound,0019810303,8352857,Prof & Doc Watercress Body Spray - 100ml,0019810805
2026-08-07 05:09:20,2026-08-07 05:10:40,1.3,8572262,Bordlite Insulated & Leakproof Cooler Lunch Bag (15L) - Black,0019810284,8413833,Structured Top-Handle Satchel Handbag - Beige,0019810314
2026-08-07 05:05:29,2026-08-07 05:06:28,1.0,8297341,EverTrue Masoala Blue Sapphire & Natural White Zircon Full Bangle (Size -7.5)  1.28 Ct.,0019809784,8411767,Genuine Leather Panda Print Pattern Wallet with Dual Zip (Size 12x4x10 cm) - Pink,0019810283
2026-08-07 04:28:23,2026-08-07 04:29:20,0.9,8547042,D'Joy GRA Certified VVS-D Moissanite Solitaire Stud Push Post Earring in Rhodium Overlay Sterling Silver 1.00 Ct.,0019810004,8274218,D'Joy Moissanite Half Eternity 5 Stone Band Ring in Sterling Silver,0019810013
2026-08-07 04:04:22,2026-08-07 04:05:30,1.1,4477717,Moissanite Circle Drop Pendant with Chain (Size 18) in Rhodium Overlay Sterling Silver 1.00 Ct.,0019810003,8556049,D'Joy - Moissanite Dangling Earring with Push Back in Platinum Overlay Sterling Silver,0019810006
2026-08-07 04:02:23,2026-08-07 04:03:18,0.9,7631499,Black Diamond Stud Earrings with Push Back in Rhodium Overlay Sterling Silver,0019808557,4477717,Moissanite Circle Drop Pendant with Chain (Size 18) in Rhodium Overlay Sterling Silver 1.00 Ct.,0019810003
2026-08-07 03:34:21,2026-08-07 03:35:31,1.2,8179538,EverTrue Purple Turquoise Cuff Bangle (Size - 7.5) in Yellow Gold Plated 6.48 Ct.,0019808529,8375350,Multi Color Crystal Peacock Necklace (Size - 28-2 Ext) in Yellow Gold Tone,0019810207
2026-08-07 02:46:32,2026-08-07 02:47:19,0.8,8483154,Enhanced  Carved Tiger Burmese Green Jade Beads Necklace (Size - 28) with Adjustable Cotton Thread 110.00 Ct.,0019809978,8497947,D'Joy Green Jadeite Beads Hoop Earring in Yellow Gold Plated Sterling Silver 28.35 Ct.,0019809985
2026-08-07 02:42:29,2026-08-07 02:43:19,0.8,8486599,Enhanced Green Jade Hand Carved Seal Ring 50.00 Ct.,0019809965,8483154,Enhanced  Carved Tiger Burmese Green Jade Beads Necklace (Size - 28) with Adjustable Cotton Thread 110.00 Ct.,0019809978
2026-08-07 01:48:21,2026-08-07 01:49:19,1.0,8242372,Greek Key Bracelet (Size - 7.25),0019808777,4424071,Natural Crystal- Gemstones of the 12 Constellations,0019809921
2026-08-07 01:17:17,2026-08-07 01:18:26,1.2,8433839,Natural Shungite Faceted Drop Earrings with Lever Back 65.00 Ct.,0019808764,4444235,Set of 2 - Simulated Mystic White Crystal Dangling Earring with Push Back in Yellow Gold Tone,0019808775
2026-08-07 01:12:22,2026-08-07 01:13:23,1.0,8276625,Marambaia London Blue Topaz Solitaire Stud Earring with Push Back in Platinum Overlay Sterling Silver 1.92 Ct.,0019808770,8438368,D'Joy African Amethyst Beads Necklace (Size - 20) with Magnetic Lock in Rhodium Overlay Sterling Silver 375.00 Ct.,0019808773
2026-08-07 01:10:41,2026-08-07 01:11:23,0.7,8422700,"Set of 3 D'Joy Natural Diamond Stud Earrings with Push Back in Sterling Silver – Champagne, Green...",0019809876,8276625,Marambaia London Blue Topaz Solitaire Stud Earring with Push Back in Platinum Overlay Sterling Silver 1.92 Ct.,0019808770
2026-08-07 00:30:06,2026-08-07 00:32:46,2.7,8572718,D'Joy - Tanzanite Solitaire Stud Push Post Earring in Platinum Overlay Sterling Silver,0019809878,8727426,Diamond Ring in Sterling Silver,0019809813
2026-08-07 00:27:17,2026-08-07 00:28:36,1.3,8422700,"Set of 3 D'Joy Natural Diamond Stud Earrings with Push Back in Sterling Silver – Champagne, Green & Multi-Colour Diamonds.",0019809876,8572718,D'Joy - Tanzanite Solitaire Stud Push Post Earring in Platinum Overlay Sterling Silver,0019809878
2026-08-07 00:22:56,2026-08-07 00:23:29,0.6,8597627,UltraSoft Silver Jewellery Polishing Cloth - Natural,0019809903,8481717,Natural White Diamond Adjustable Tennis Bracelet (Upto Size - 10.5),0019809873
2026-08-04 21:18:23,2026-08-04 21:19:26,1.1,8614359,Lab Grown Columbian Emerald & Lab Grown Diamond (SI-G-H) Trilogy Halo Ring in 18K Vermeil Yellow Gold Plated Sterling Silver 3.70 Ct.,0019806581,4513756,Luxuriant - Lab Grown Colombian Emerald & Lab Grown Diamond (SI-G-H) Halo Pendant with Chain (Size 20) in 18K Vermeil Yellow Gold Plated Sterling Silver 3.00 Ct.,0019806563
2026-08-04 21:00:03,2026-08-04 21:05:33,5.5,2780233,Bug Soother Natural Mosquito and Insect Repellent - 100ml,0019806180,8614359,Lab Grown Columbian Emerald & Lab Grown Diamond (SI-G-H) Trilogy Halo Ring in 18K Vermeil Yellow Gold Plated Sterling Silver 3.70 Ct.,0019806581
2026-08-04 20:35:29,2026-08-04 20:36:21,0.9,8380679,"BEAUTECH 3D 4 Mode LED Face Glow Light Therapy Mask (Red & Infrared Anti Aging, Amber & Infrared Brightening, Green Anti Redness, Blue Anti Blemish)  with Smart Controller",0019804890,8207754,"LOWEST EVER PRICE - LIVMORE TENS-EMS Heating Foot Massager With Electrode Pads To Target Legs, Aching Muscles or tension across the back and shoulders",0019806541
2026-08-04 20:03:22,2026-08-04 20:04:27,1.1,8483859,"La Marey Women's Relaxed Fit Wide-Leg Trousers (Size - L-XL, 16-22) - Black",0019806076,8483859,"La Marey Women's Relaxed Fit Wide-Leg Trousers (Size - L-XL, 16-22) - Black",0019806076
2026-08-04 20:01:37,2026-08-04 20:02:22,0.7,8413557,Double Layer Inverted Manual Open Stick Reverse Umbrella - Blue & Black,0019807204,8483859,"La Marey Women's Relaxed Fit Wide-Leg Trousers (Size - L-XL, 16-22) - Black",0019806076
2026-08-04 19:44:22,2026-08-04 19:46:22,2.0,8380601,"Livmore MS-806 5-in-1 Grooming Kit - Professional Silver Cordless Hair Trimmer with LED Display, Rechargeable 90-Minute Lithium Battery Shaver",0019806414,8413557,Double Layer Inverted Manual Open Stick Reverse Umbrella - Blue & Black,0019807204
2026-08-04 19:39:19,2026-08-04 19:40:39,1.3,8574685,Multicolour Beaded Flower Embroidery Phone Crossbody Bag with Adjustable Strap - Black,0019802730,8380601,"Livmore MS-806 5-in-1 Grooming Kit - Professional Silver Cordless Hair Trimmer with LED Display, Rechargeable 90-Minute Lithium Battery Shaver",0019806414
2026-08-04 19:33:28,2026-08-04 19:35:36,2.1,8165987,24K Yellow Gold (99.99% Purity) Embossed Collectable,0019806556,8574685,Multicolour Beaded Flower Embroidery Phone Crossbody Bag with Adjustable Strap - Black,0019802730
2026-08-04 19:21:18,2026-08-04 19:22:25,1.1,8071942,One Truth 818- Anti-Ageing Serum - 15ml,0019806416,8165987,24K Yellow Gold (99.99% Purity) Embossed Collectable,0019806556
2026-08-04 19:06:25,2026-08-04 19:07:28,1.0,8165987,24K Yellow Gold (99.99% Purity) Embossed Collectable,0019806556,8071942,One Truth 818- Anti-Ageing Serum - 15ml,0019806416
2026-08-04 18:43:25,2026-08-04 18:44:31,1.1,8483859,"La Marey Women's Relaxed Fit Wide-Leg Trousers (Size - L-XL, 16-22) - Black",0019806076,8483859,"La Marey Women's Relaxed Fit Wide-Leg Trousers (Size - L-XL, 16-22) - Black",0019806076
2026-08-04 18:23:18,2026-08-04 18:24:22,1.1,8483859,"La Marey Women's Relaxed Fit Wide-Leg Trousers (Size - L-XL, 16-22) - Black",0019806076,8724155,NEW ARRIVAL- Lipsy London Original Eau De Toilette - 30ml,0019806407
2026-08-04 18:21:19,2026-08-04 18:22:25,1.1,6860824,"Cetuem Relief Duo - Ice Pack for Pain Relief Muscle aches and Joint Discomfort caused by Minor Backaches, Tendinitis, and Overuse of Muscles",0019806411,8483859,"La Marey Women's Relaxed Fit Wide-Leg Trousers (Size - L-XL, 16-22) - Black",0019806076
2026-08-04 16:35:33,2026-08-04 16:36:28,0.9,8480063,La Marey Embroidered Large Scarf (One Size) - Brown,0019806491,8165987,24K Yellow Gold (99.99% Purity) Embossed Collectable,0019806556
2026-08-04 15:39:21,2026-08-04 15:40:42,1.4,8636799,Love Italian Style Crinkle Pleated Trousers With 27 Inch Inseam (Size 10-22) - Blue,0019806030,8431983,"La Marey Placement Print Blouse (Size L-XL, 16-22) - Maroon",0019806042
2026-08-04 15:23:20,2026-08-04 15:24:31,1.2,8414088,"La Marey Silk-Feeling Asymmetrical Hem Printed Top (Size - L-XL, 16 to 22) - Burgundy & Off-White",0019806472,8431805,"La Marey 100% Coltton Tie Drawstring Top (One Size, 8-18) - Hot Pink",0019807168
2026-08-04 14:38:23,2026-08-04 14:39:20,0.9,8431818,"La Marey Cotton Lace Detail Dress (Size XL, 20-22) - Hot Pink",0019806319,8508040,La Marey Womens 100% Viscose Long Kimono (One Size) - Lemon,0019806019
2026-08-04 13:46:31,2026-08-04 13:48:29,2.0,8528688,Microfibre 25pc Easyclean Microfibre Cloth - Orange,0019806446,8052306,Set Of 4 Silicone Pot Holders,0019806450
2026-08-04 13:21:19,2026-08-04 13:22:23,1.1,8165987,24K Yellow Gold (99.99% Purity) Embossed Collectable,0019806556,8236690,"1 HOUR ONLY OFFER - Keplin Lightweight Digital Vacuum with Bending Hose - 3 Speed, 60 Min Run Time, 350W Motor -LIFETIME WARRANTY",0019807188
2026-08-04 07:19:26,2026-08-04 07:20:45,1.3,,,,,,
2026-08-04 07:05:27,2026-08-04 07:06:27,1.0,,,,,,
